仓库A,仓库B,距离(km)
国网湖南物资公司邵阳周转库,邵阳新邵仓库,13.2
国网湖南物资公司邵阳周转库,邵阳邵东仓库,42.9
国网湖南物资公司邵阳周转库,邵阳县仓库,40.5
国网湖南物资公司邵阳周转库,娄底冷水江仓库,67.3
国网湖南物资公司邵阳周转库,娄底涟源仓库,69.5
国网湖南物资公司邵阳周转库,邵阳隆回仓库,53.7
国网湖南物资公司邵阳周转库,娄底新化仓库,85.5
国网湖南物资公司邵阳周转库,娄底双峰仓库,101.6
国网湖南物资公司邵阳周转库,国网湖南物资公司娄底周转库,103.8
国网湖南物资公司邵阳周转库,衡阳县仓库,119.5
国网湖南物资公司邵阳周转库,衡阳祁东仓库,146
国网湖南物资公司邵阳周转库,国网湖南物资公司常德周转库,248.7
国网湖南物资公司邵阳周转库,常德鼎城仓库,241.9
国网湖南物资公司邵阳周转库,常德汉寿仓库,254.7
国网湖南物资公司邵阳周转库,常德桃源仓库,240.9
国网湖南物资公司邵阳周转库,常德临澧仓库,304.6
国网湖南物资公司邵阳周转库,益阳桃江仓库,223.6
国网湖南物资公司邵阳周转库,常德安乡仓库,312.3
国网湖南物资公司邵阳周转库,常德津市仓库,312.5
国网湖南物资公司邵阳周转库,张家界慈利仓库,318.2
国网湖南物资公司邵阳周转库,益阳沅江仓库,269.4
国网湖南物资公司邵阳周转库,常德澧县仓库,318.6
国网湖南物资公司邵阳周转库,国网湖南物资公司常德石门仓库,326.6
国网湖南物资公司邵阳周转库,益阳南县仓库,325.8
国网湖南物资公司邵阳周转库,益阳安化仓库,183.8
国网湖南物资公司邵阳周转库,永州冷水滩仓库,107.2
国网湖南物资公司邵阳周转库,国网湖南物资公司永州周转库,124.3
国网湖南物资公司邵阳周转库,永州零陵仓库,147.2
国网湖南物资公司邵阳周转库,永州东安仓库,129.2
国网湖南物资公司邵阳周转库,永州祁阳仓库,130.3
国网湖南物资公司邵阳周转库,永州双牌仓库,173
国网湖南物资公司邵阳周转库,永州新田仓库,218
国网湖南物资公司邵阳周转库,永州道县仓库,229
国网湖南物资公司邵阳周转库,邵阳新宁仓库,125.2
国网湖南物资公司邵阳周转库,永州宁远仓库,227.3
国网湖南物资公司邵阳周转库,永州蓝山仓库,255.5
国网湖南物资公司邵阳周转库,郴州嘉禾仓库,264.2
国网湖南物资公司邵阳周转库,永州江华仓库,326.8
国网湖南物资公司邵阳周转库,永州江永仓库,328.9
国网湖南物资公司邵阳周转库,国网湖南物资公司长沙周转库,236.9
国网湖南物资公司邵阳周转库,长沙县仓库,243.9
国网湖南物资公司邵阳周转库,长沙望城仓库,238
国网湖南物资公司邵阳周转库,长沙宁乡仓库,208.8
国网湖南物资公司邵阳周转库,国网湖南物资公司株洲周转库,228
国网湖南物资公司邵阳周转库,国网湖南物资公司湘潭周转库,207.4
国网湖南物资公司邵阳周转库,湘潭韶山仓库,162.7
国网湖南物资公司邵阳周转库,湘潭县仓库,198.1
国网湖南物资公司邵阳周转库,国网湖南物资公司益阳周转库,223.5
国网湖南物资公司邵阳周转库,湘潭湘乡仓库,148.5
国网湖南物资公司邵阳周转库,长沙浏阳仓库,297.4
国网湖南物资公司邵阳周转库,株洲醴陵仓库,248.7
国网湖南物资公司邵阳周转库,衡阳衡山仓库,191
国网湖南物资公司邵阳周转库,国网湖南物资公司湘西周转库,313.7
国网湖南物资公司邵阳周转库,湘西凤凰仓库,281
国网湖南物资公司邵阳周转库,湘西古丈仓库,361.1
国网湖南物资公司邵阳周转库,怀化麻阳仓库,254.9
国网湖南物资公司邵阳周转库,湘西泸溪仓库,266
国网湖南物资公司邵阳周转库,湘西保靖仓库,398.1
国网湖南物资公司邵阳周转库,怀化沅陵仓库,264.5
国网湖南物资公司邵阳周转库,怀化辰溪仓库,237.5
国网湖南物资公司邵阳周转库,湘西永顺仓库,426.6
国网湖南物资公司邵阳周转库,张家界周转库,396.7
国网湖南物资公司邵阳周转库,怀化溆浦仓库,183.1
国网湖南物资公司邵阳周转库,湘西龙山仓库,487.1
国网湖南物资公司邵阳周转库,张家界桑植仓库,450.7
国网湖南物资公司邵阳周转库,国网湖南物资公司郴州周转库,314.3
国网湖南物资公司邵阳周转库,郴州苏仙仓库,310.3
国网湖南物资公司邵阳周转库,郴州北湖仓库,314.7
国网湖南物资公司邵阳周转库,郴州桂阳仓库,283.3
国网湖南物资公司邵阳周转库,郴州资兴仓库,305.1
国网湖南物资公司邵阳周转库,衡阳耒阳仓库,226.2
国网湖南物资公司邵阳周转库,郴州安仁仓库,264.4
国网湖南物资公司邵阳周转库,株洲茶陵仓库,267.5
国网湖南物资公司邵阳周转库,株洲炎陵仓库,310.1
国网湖南物资公司邵阳周转库,衡阳常宁仓库,183.3
国网湖南物资公司邵阳周转库,郴州桂东仓库,378.9
国网湖南物资公司邵阳周转库,国网湖南物资公司衡阳周转库,142
国网湖南物资公司邵阳周转库,株洲攸县仓库,243.4
国网湖南物资公司邵阳周转库,衡阳衡东仓库,179.7
国网湖南物资公司邵阳周转库,国网湖南物资公司怀化周转库,214.1
国网湖南物资公司邵阳周转库,国网怀化中方芙蓉路仓库,218.2
国网湖南物资公司邵阳周转库,怀化芷江仓库,215.3
国网湖南物资公司邵阳周转库,怀化洪江市仓库,211.5
国网湖南物资公司邵阳周转库,怀化洪江区仓库,214.9
国网湖南物资公司邵阳周转库,邵阳洞口仓库,103.8
国网湖南物资公司邵阳周转库,怀化会同仓库,255.2
国网湖南物资公司邵阳周转库,怀化新晃仓库,271
国网湖南物资公司邵阳周转库,怀化靖州仓库,254.2
国网湖南物资公司邵阳周转库,邵阳武冈仓库,128
国网湖南物资公司邵阳周转库,邵阳绥宁仓库,192.8
国网湖南物资公司邵阳周转库,怀化通道仓库,254.8
国网湖南物资公司邵阳周转库,邵阳城步仓库,180.8
国网湖南物资公司邵阳周转库,国网湖南物资公司岳阳周转库,359.2
国网湖南物资公司邵阳周转库,岳阳云溪仓库,357.1
国网湖南物资公司邵阳周转库,岳阳君山仓库,386.2
国网湖南物资公司邵阳周转库,岳阳临湘仓库,380
国网湖南物资公司邵阳周转库,岳阳县仓库,332.9
国网湖南物资公司邵阳周转库,岳阳华容仓库,355.2
国网湖南物资公司邵阳周转库,岳阳汨罗仓库,296
国网湖南物资公司邵阳周转库,岳阳湘阴仓库,272.9
国网湖南物资公司邵阳周转库,岳阳平江仓库,336.8
邵阳新邵仓库,邵阳邵东仓库,38.9
邵阳新邵仓库,邵阳县仓库,56.3
邵阳新邵仓库,娄底冷水江仓库,62.8
邵阳新邵仓库,娄底涟源仓库,64
邵阳新邵仓库,邵阳隆回仓库,62
邵阳新邵仓库,娄底新化仓库,81
邵阳新邵仓库,娄底双峰仓库,97.6
邵阳新邵仓库,国网湖南物资公司娄底周转库,91.8
邵阳新邵仓库,衡阳县仓库,115.2
邵阳新邵仓库,衡阳祁东仓库,141.7
邵阳新邵仓库,国网湖南物资公司常德周转库,236.8
邵阳新邵仓库,常德鼎城仓库,230
邵阳新邵仓库,常德汉寿仓库,242.8
邵阳新邵仓库,常德桃源仓库,228.9
邵阳新邵仓库,常德临澧仓库,292.6
邵阳新邵仓库,益阳桃江仓库,211.7
邵阳新邵仓库,常德安乡仓库,300.3
邵阳新邵仓库,常德津市仓库,300.5
邵阳新邵仓库,张家界慈利仓库,306.3
邵阳新邵仓库,益阳沅江仓库,248
邵阳新邵仓库,常德澧县仓库,306.6
邵阳新邵仓库,国网湖南物资公司常德石门仓库,314.6
邵阳新邵仓库,益阳南县仓库,304.3
邵阳新邵仓库,益阳安化仓库,179.3
邵阳新邵仓库,永州冷水滩仓库,115.7
邵阳新邵仓库,国网湖南物资公司永州周转库,132.7
邵阳新邵仓库,永州零陵仓库,155.7
邵阳新邵仓库,永州东安仓库,137.7
邵阳新邵仓库,永州祁阳仓库,138.8
邵阳新邵仓库,永州双牌仓库,181.5
邵阳新邵仓库,永州新田仓库,226.5
邵阳新邵仓库,永州道县仓库,237.5
邵阳新邵仓库,邵阳新宁仓库,133.7
邵阳新邵仓库,永州宁远仓库,235.8
邵阳新邵仓库,永州蓝山仓库,264
邵阳新邵仓库,郴州嘉禾仓库,272.7
邵阳新邵仓库,永州江华仓库,335.2
邵阳新邵仓库,永州江永仓库,337.4
邵阳新邵仓库,国网湖南物资公司长沙周转库,213
邵阳新邵仓库,长沙县仓库,236.6
邵阳新邵仓库,长沙望城仓库,219.5
邵阳新邵仓库,长沙宁乡仓库,196.9
邵阳新邵仓库,国网湖南物资公司株洲周转库,224
邵阳新邵仓库,国网湖南物资公司湘潭周转库,203.4
邵阳新邵仓库,湘潭韶山仓库,159.8
邵阳新邵仓库,湘潭县仓库,194.1
邵阳新邵仓库,国网湖南物资公司益阳周转库,202.1
邵阳新邵仓库,湘潭湘乡仓库,144.5
邵阳新邵仓库,长沙浏阳仓库,289.3
邵阳新邵仓库,株洲醴陵仓库,244.7
邵阳新邵仓库,衡阳衡山仓库,186.8
邵阳新邵仓库,国网湖南物资公司湘西周转库,320.2
邵阳新邵仓库,湘西凤凰仓库,289.4
邵阳新邵仓库,湘西古丈仓库,367.6
邵阳新邵仓库,怀化麻阳仓库,263.3
邵阳新邵仓库,湘西泸溪仓库,261.5
邵阳新邵仓库,湘西保靖仓库,404.6
邵阳新邵仓库,怀化沅陵仓库,260
邵阳新邵仓库,怀化辰溪仓库,233
邵阳新邵仓库,湘西永顺仓库,433.1
邵阳新邵仓库,张家界周转库,384.8
邵阳新邵仓库,怀化溆浦仓库,178.7
邵阳新邵仓库,湘西龙山仓库,493.6
邵阳新邵仓库,张家界桑植仓库,438.8
邵阳新邵仓库,国网湖南物资公司郴州周转库,310.1
邵阳新邵仓库,郴州苏仙仓库,306
邵阳新邵仓库,郴州北湖仓库,310.5
邵阳新邵仓库,郴州桂阳仓库,279.1
邵阳新邵仓库,郴州资兴仓库,300.9
邵阳新邵仓库,衡阳耒阳仓库,222
邵阳新邵仓库,郴州安仁仓库,260.2
邵阳新邵仓库,株洲茶陵仓库,263.3
邵阳新邵仓库,株洲炎陵仓库,305.9
邵阳新邵仓库,衡阳常宁仓库,179.1
邵阳新邵仓库,郴州桂东仓库,374.6
邵阳新邵仓库,国网湖南物资公司衡阳周转库,137.8
邵阳新邵仓库,株洲攸县仓库,239.2
邵阳新邵仓库,衡阳衡东仓库,175.4
邵阳新邵仓库,国网湖南物资公司怀化周转库,222.5
邵阳新邵仓库,国网怀化中方芙蓉路仓库,226.6
邵阳新邵仓库,怀化芷江仓库,223.6
邵阳新邵仓库,怀化洪江市仓库,219.8
邵阳新邵仓库,怀化洪江区仓库,223.3
邵阳新邵仓库,邵阳洞口仓库,112.2
邵阳新邵仓库,怀化会同仓库,263.5
邵阳新邵仓库,怀化新晃仓库,279.3
邵阳新邵仓库,怀化靖州仓库,262.6
邵阳新邵仓库,邵阳武冈仓库,136.4
邵阳新邵仓库,邵阳绥宁仓库,201.1
邵阳新邵仓库,怀化通道仓库,263.2
邵阳新邵仓库,邵阳城步仓库,189.2
邵阳新邵仓库,国网湖南物资公司岳阳周转库,337.8
邵阳新邵仓库,岳阳云溪仓库,335.6
邵阳新邵仓库,岳阳君山仓库,364.7
邵阳新邵仓库,岳阳临湘仓库,358.5
邵阳新邵仓库,岳阳县仓库,311.5
邵阳新邵仓库,岳阳华容仓库,333.7
邵阳新邵仓库,岳阳汨罗仓库,274.5
邵阳新邵仓库,岳阳湘阴仓库,251.4
邵阳新邵仓库,岳阳平江仓库,323.8
邵阳邵东仓库,邵阳县仓库,74
邵阳邵东仓库,娄底冷水江仓库,78.1
邵阳邵东仓库,娄底涟源仓库,80.2
邵阳邵东仓库,邵阳隆回仓库,79.9
邵阳邵东仓库,娄底新化仓库,96.3
邵阳邵东仓库,娄底双峰仓库,66.8
邵阳邵东仓库,国网湖南物资公司娄底周转库,83.3
邵阳邵东仓库,衡阳县仓库,74.3
邵阳邵东仓库,衡阳祁东仓库,81.1
邵阳邵东仓库,国网湖南物资公司常德周转库,259.1
邵阳邵东仓库,常德鼎城仓库,252.3
邵阳邵东仓库,常德汉寿仓库,248.2
邵阳邵东仓库,常德桃源仓库,251.2
邵阳邵东仓库,常德临澧仓库,314.9
邵阳邵东仓库,益阳桃江仓库,200.3
邵阳邵东仓库,常德安乡仓库,310.4
邵阳邵东仓库,常德津市仓库,322.8
邵阳邵东仓库,张家界慈利仓库,328.6
邵阳邵东仓库,益阳沅江仓库,234.6
邵阳邵东仓库,常德澧县仓库,329
邵阳邵东仓库,国网湖南物资公司常德石门仓库,336.9
邵阳邵东仓库,益阳南县仓库,291
邵阳邵东仓库,益阳安化仓库,194.5
邵阳邵东仓库,永州冷水滩仓库,133.5
邵阳邵东仓库,国网湖南物资公司永州周转库,150.5
邵阳邵东仓库,永州零陵仓库,173.5
邵阳邵东仓库,永州东安仓库,155.4
邵阳邵东仓库,永州祁阳仓库,101.8
邵阳邵东仓库,永州双牌仓库,199.2
邵阳邵东仓库,永州新田仓库,244.3
邵阳邵东仓库,永州道县仓库,255.2
邵阳邵东仓库,邵阳新宁仓库,151.4
邵阳邵东仓库,永州宁远仓库,253.5
邵阳邵东仓库,永州蓝山仓库,281.8
邵阳邵东仓库,郴州嘉禾仓库,263.7
邵阳邵东仓库,永州江华仓库,353
邵阳邵东仓库,永州江永仓库,355.2
邵阳邵东仓库,国网湖南物资公司长沙周转库,202.1
邵阳邵东仓库,长沙县仓库,209.1
邵阳邵东仓库,长沙望城仓库,203.2
邵阳邵东仓库,长沙宁乡仓库,177.7
邵阳邵东仓库,国网湖南物资公司株洲周转库,193.2
邵阳邵东仓库,国网湖南物资公司湘潭周转库,172.6
邵阳邵东仓库,湘潭韶山仓库,127.9
邵阳邵东仓库,湘潭县仓库,163.3
邵阳邵东仓库,国网湖南物资公司益阳周转库,188.7
邵阳邵东仓库,湘潭湘乡仓库,113.7
邵阳邵东仓库,长沙浏阳仓库,262.6
邵阳邵东仓库,株洲醴陵仓库,213.9
邵阳邵东仓库,衡阳衡山仓库,150.5
邵阳邵东仓库,国网湖南物资公司湘西周转库,335.4
邵阳邵东仓库,湘西凤凰仓库,307.2
邵阳邵东仓库,湘西古丈仓库,382.8
邵阳邵东仓库,怀化麻阳仓库,281.2
邵阳邵东仓库,湘西泸溪仓库,276.8
邵阳邵东仓库,湘西保靖仓库,419.9
邵阳邵东仓库,怀化沅陵仓库,275.3
邵阳邵东仓库,怀化辰溪仓库,248.2
邵阳邵东仓库,湘西永顺仓库,448.4
邵阳邵东仓库,张家界周转库,407.1
邵阳邵东仓库,怀化溆浦仓库,193.9
邵阳邵东仓库,湘西龙山仓库,508.9
邵阳邵东仓库,张家界桑植仓库,461.1
邵阳邵东仓库,国网湖南物资公司郴州周转库,273.8
邵阳邵东仓库,郴州苏仙仓库,269.7
邵阳邵东仓库,郴州北湖仓库,274.2
邵阳邵东仓库,郴州桂阳仓库,242.8
邵阳邵东仓库,郴州资兴仓库,264.6
邵阳邵东仓库,衡阳耒阳仓库,185.7
邵阳邵东仓库,郴州安仁仓库,223.9
邵阳邵东仓库,株洲茶陵仓库,227
邵阳邵东仓库,株洲炎陵仓库,269.6
邵阳邵东仓库,衡阳常宁仓库,142.8
邵阳邵东仓库,郴州桂东仓库,338.3
邵阳邵东仓库,国网湖南物资公司衡阳周转库,101.5
邵阳邵东仓库,株洲攸县仓库,202.9
邵阳邵东仓库,衡阳衡东仓库,139.1
邵阳邵东仓库,国网湖南物资公司怀化周转库,240.3
邵阳邵东仓库,国网怀化中方芙蓉路仓库,244.5
邵阳邵东仓库,怀化芷江仓库,241.5
邵阳邵东仓库,怀化洪江市仓库,237.7
邵阳邵东仓库,怀化洪江区仓库,241.2
邵阳邵东仓库,邵阳洞口仓库,130.1
邵阳邵东仓库,怀化会同仓库,281.4
邵阳邵东仓库,怀化新晃仓库,297.2
邵阳邵东仓库,怀化靖州仓库,280.4
邵阳邵东仓库,邵阳武冈仓库,154.3
邵阳邵东仓库,邵阳绥宁仓库,219
邵阳邵东仓库,怀化通道仓库,281
邵阳邵东仓库,邵阳城步仓库,207.1
邵阳邵东仓库,国网湖南物资公司岳阳周转库,324.4
邵阳邵东仓库,岳阳云溪仓库,322.3
邵阳邵东仓库,岳阳君山仓库,351.4
邵阳邵东仓库,岳阳临湘仓库,345.2
邵阳邵东仓库,岳阳县仓库,298.1
邵阳邵东仓库,岳阳华容仓库,320.4
邵阳邵东仓库,岳阳汨罗仓库,261.2
邵阳邵东仓库,岳阳湘阴仓库,238.1
邵阳邵东仓库,岳阳平江仓库,302.1
邵阳县仓库,娄底冷水江仓库,107.2
邵阳县仓库,娄底涟源仓库,108.3
邵阳县仓库,邵阳隆回仓库,39.6
邵阳县仓库,娄底新化仓库,125.4
邵阳县仓库,娄底双峰仓库,132.9
邵阳县仓库,国网湖南物资公司娄底周转库,136.2
邵阳县仓库,衡阳县仓库,150.7
邵阳县仓库,衡阳祁东仓库,126.8
邵阳县仓库,国网湖南物资公司常德周转库,281.1
邵阳县仓库,常德鼎城仓库,274.3
邵阳县仓库,常德汉寿仓库,287.1
邵阳县仓库,常德桃源仓库,273.3
邵阳县仓库,常德临澧仓库,336.9
邵阳县仓库,益阳桃江仓库,256
邵阳县仓库,常德安乡仓库,344.7
邵阳县仓库,常德津市仓库,344.9
邵阳县仓库,张家界慈利仓库,350.6
邵阳县仓库,益阳沅江仓库,292.3
邵阳县仓库,常德澧县仓库,351
邵阳县仓库,国网湖南物资公司常德石门仓库,359
邵阳县仓库,益阳南县仓库,348.6
邵阳县仓库,益阳安化仓库,223.6
邵阳县仓库,永州冷水滩仓库,74.9
邵阳县仓库,国网湖南物资公司永州周转库,92
邵阳县仓库,永州零陵仓库,114.9
邵阳县仓库,永州东安仓库,103.3
邵阳县仓库,永州祁阳仓库,98
邵阳县仓库,永州双牌仓库,140.7
邵阳县仓库,永州新田仓库,185.8
邵阳县仓库,永州道县仓库,196.7
邵阳县仓库,邵阳新宁仓库,99.3
邵阳县仓库,永州宁远仓库,195
邵阳县仓库,永州蓝山仓库,223.2
邵阳县仓库,郴州嘉禾仓库,232
邵阳县仓库,永州江华仓库,294.5
邵阳县仓库,永州江永仓库,296.6
邵阳县仓库,国网湖南物资公司长沙周转库,257.4
邵阳县仓库,长沙县仓库,275.2
邵阳县仓库,长沙望城仓库,269.2
邵阳县仓库,长沙宁乡仓库,241.2
邵阳县仓库,国网湖南物资公司株洲周转库,259.3
邵阳县仓库,国网湖南物资公司湘潭周转库,238.6
邵阳县仓库,湘潭韶山仓库,193.9
邵阳县仓库,湘潭县仓库,229.4
邵阳县仓库,国网湖南物资公司益阳周转库,246.4
邵阳县仓库,湘潭湘乡仓库,179.8
邵阳县仓库,长沙浏阳仓库,328.7
邵阳县仓库,株洲醴陵仓库,280
邵阳县仓库,衡阳衡山仓库,222.3
邵阳县仓库,国网湖南物资公司湘西周转库,300.1
邵阳县仓库,湘西凤凰仓库,267.4
邵阳县仓库,湘西古丈仓库,347.5
邵阳县仓库,怀化麻阳仓库,241.3
邵阳县仓库,湘西泸溪仓库,305.9
邵阳县仓库,湘西保靖仓库,384.5
邵阳县仓库,怀化沅陵仓库,304.4
邵阳县仓库,怀化辰溪仓库,277.3
邵阳县仓库,湘西永顺仓库,413
邵阳县仓库,张家界周转库,429.1
邵阳县仓库,怀化溆浦仓库,223
邵阳县仓库,湘西龙山仓库,473.5
邵阳县仓库,张家界桑植仓库,483.1
邵阳县仓库,国网湖南物资公司郴州周转库,307.2
邵阳县仓库,郴州苏仙仓库,310
邵阳县仓库,郴州北湖仓库,307.1
邵阳县仓库,郴州桂阳仓库,276.2
邵阳县仓库,郴州资兴仓库,317.5
邵阳县仓库,衡阳耒阳仓库,226.6
邵阳县仓库,郴州安仁仓库,281.2
邵阳县仓库,株洲茶陵仓库,298.8
邵阳县仓库,株洲炎陵仓库,341.4
邵阳县仓库,衡阳常宁仓库,183.7
邵阳县仓库,郴州桂东仓库,410.1
邵阳县仓库,国网湖南物资公司衡阳周转库,173.3
邵阳县仓库,株洲攸县仓库,274.7
邵阳县仓库,衡阳衡东仓库,210.9
邵阳县仓库,国网湖南物资公司怀化周转库,200.5
邵阳县仓库,国网怀化中方芙蓉路仓库,204.6
邵阳县仓库,怀化芷江仓库,201.6
邵阳县仓库,怀化洪江市仓库,197.8
邵阳县仓库,怀化洪江区仓库,201.3
邵阳县仓库,邵阳洞口仓库,90.2
邵阳县仓库,怀化会同仓库,241.6
邵阳县仓库,怀化新晃仓库,257.3
邵阳县仓库,怀化靖州仓库,240.6
邵阳县仓库,邵阳武冈仓库,93.8
邵阳县仓库,邵阳绥宁仓库,179.1
邵阳县仓库,怀化通道仓库,241.2
邵阳县仓库,邵阳城步仓库,167.2
邵阳县仓库,国网湖南物资公司岳阳周转库,382.1
邵阳县仓库,岳阳云溪仓库,380
邵阳县仓库,岳阳君山仓库,409.1
邵阳县仓库,岳阳临湘仓库,402.9
邵阳县仓库,岳阳县仓库,355.8
邵阳县仓库,岳阳华容仓库,378.1
邵阳县仓库,岳阳汨罗仓库,318.9
邵阳县仓库,岳阳湘阴仓库,295.8
邵阳县仓库,岳阳平江仓库,368.1
娄底冷水江仓库,娄底涟源仓库,37.2
娄底冷水江仓库,邵阳隆回仓库,113.1
娄底冷水江仓库,娄底新化仓库,16.2
娄底冷水江仓库,娄底双峰仓库,106.5
娄底冷水江仓库,国网湖南物资公司娄底周转库,76.1
娄底冷水江仓库,衡阳县仓库,155.5
娄底冷水江仓库,衡阳祁东仓库,182
娄底冷水江仓库,国网湖南物资公司常德周转库,221.1
娄底冷水江仓库,常德鼎城仓库,214.3
娄底冷水江仓库,常德汉寿仓库,227.1
娄底冷水江仓库,常德桃源仓库,216.6
娄底冷水江仓库,常德临澧仓库,276.9
娄底冷水江仓库,益阳桃江仓库,196
娄底冷水江仓库,常德安乡仓库,284.7
娄底冷水江仓库,常德津市仓库,284.9
娄底冷水江仓库,张家界慈利仓库,290.6
娄底冷水江仓库,益阳沅江仓库,232.3
娄底冷水江仓库,常德澧县仓库,291
娄底冷水江仓库,国网湖南物资公司常德石门仓库,299
娄底冷水江仓库,益阳南县仓库,288.6
娄底冷水江仓库,益阳安化仓库,130.1
娄底冷水江仓库,永州冷水滩仓库,166.7
娄底冷水江仓库,国网湖南物资公司永州周转库,183.8
娄底冷水江仓库,永州零陵仓库,206.7
娄底冷水江仓库,永州东安仓库,188.7
娄底冷水江仓库,永州祁阳仓库,189.8
娄底冷水江仓库,永州双牌仓库,232.5
娄底冷水江仓库,永州新田仓库,277.5
娄底冷水江仓库,永州道县仓库,288.5
娄底冷水江仓库,邵阳新宁仓库,184.7
娄底冷水江仓库,永州宁远仓库,286.8
娄底冷水江仓库,永州蓝山仓库,315
娄底冷水江仓库,郴州嘉禾仓库,323.7
娄底冷水江仓库,永州江华仓库,386.3
娄底冷水江仓库,永州江永仓库,388.4
娄底冷水江仓库,国网湖南物资公司长沙周转库,197.4
娄底冷水江仓库,长沙县仓库,220.9
娄底冷水江仓库,长沙望城仓库,203.9
娄底冷水江仓库,长沙宁乡仓库,181.2
娄底冷水江仓库,国网湖南物资公司株洲周转库,212.3
娄底冷水江仓库,国网湖南物资公司湘潭周转库,187.2
娄底冷水江仓库,湘潭韶山仓库,144.2
娄底冷水江仓库,湘潭县仓库,182.4
娄底冷水江仓库,国网湖南物资公司益阳周转库,186.4
娄底冷水江仓库,湘潭湘乡仓库,132.9
娄底冷水江仓库,长沙浏阳仓库,273.6
娄底冷水江仓库,株洲醴陵仓库,233
娄底冷水江仓库,衡阳衡山仓库,227.3
娄底冷水江仓库,国网湖南物资公司湘西周转库,271
娄底冷水江仓库,湘西凤凰仓库,272
娄底冷水江仓库,湘西古丈仓库,318.4
娄底冷水江仓库,怀化麻阳仓库,221.2
娄底冷水江仓库,湘西泸溪仓库,212.3
娄底冷水江仓库,湘西保靖仓库,355.4
娄底冷水江仓库,怀化沅陵仓库,210.8
娄底冷水江仓库,怀化辰溪仓库,183.8
娄底冷水江仓库,湘西永顺仓库,383.9
娄底冷水江仓库,张家界周转库,369.1
娄底冷水江仓库,怀化溆浦仓库,129.5
娄底冷水江仓库,湘西龙山仓库,444.4
娄底冷水江仓库,张家界桑植仓库,423.1
娄底冷水江仓库,国网湖南物资公司郴州周转库,350.3
娄底冷水江仓库,郴州苏仙仓库,346.3
娄底冷水江仓库,郴州北湖仓库,350.7
娄底冷水江仓库,郴州桂阳仓库,319.3
娄底冷水江仓库,郴州资兴仓库,341.1
娄底冷水江仓库,衡阳耒阳仓库,262.2
娄底冷水江仓库,郴州安仁仓库,300.5
娄底冷水江仓库,株洲茶陵仓库,303.5
娄底冷水江仓库,株洲炎陵仓库,346.1
娄底冷水江仓库,衡阳常宁仓库,219.3
娄底冷水江仓库,郴州桂东仓库,414.9
娄底冷水江仓库,国网湖南物资公司衡阳周转库,178.1
娄底冷水江仓库,株洲攸县仓库,298.5
娄底冷水江仓库,衡阳衡东仓库,215.7
娄底冷水江仓库,国网湖南物资公司怀化周转库,207
娄底冷水江仓库,国网怀化中方芙蓉路仓库,204.9
娄底冷水江仓库,怀化芷江仓库,244
娄底冷水江仓库,怀化洪江市仓库,254.7
娄底冷水江仓库,怀化洪江区仓库,258.2
娄底冷水江仓库,邵阳洞口仓库,163.2
娄底冷水江仓库,怀化会同仓库,293.1
娄底冷水江仓库,怀化新晃仓库,298.9
娄底冷水江仓库,怀化靖州仓库,313.6
娄底冷水江仓库,邵阳武冈仓库,187.4
娄底冷水江仓库,邵阳绥宁仓库,252.2
娄底冷水江仓库,怀化通道仓库,314.2
娄底冷水江仓库,邵阳城步仓库,240.2
娄底冷水江仓库,国网湖南物资公司岳阳周转库,322.1
娄底冷水江仓库,岳阳云溪仓库,320
娄底冷水江仓库,岳阳君山仓库,349.1
娄底冷水江仓库,岳阳临湘仓库,342.9
娄底冷水江仓库,岳阳县仓库,295.8
娄底冷水江仓库,岳阳华容仓库,318.1
娄底冷水江仓库,岳阳汨罗仓库,258.9
娄底冷水江仓库,岳阳湘阴仓库,235.8
娄底冷水江仓库,岳阳平江仓库,308.1
娄底涟源仓库,邵阳隆回仓库,113.8
娄底涟源仓库,娄底新化仓库,55
娄底涟源仓库,娄底双峰仓库,74.3
娄底涟源仓库,国网湖南物资公司娄底周转库,43.9
娄底涟源仓库,衡阳县仓库,144.5
娄底涟源仓库,衡阳祁东仓库,170.7
娄底涟源仓库,国网湖南物资公司常德周转库,188.9
娄底涟源仓库,常德鼎城仓库,182.1
娄底涟源仓库,常德汉寿仓库,194.9
娄底涟源仓库,常德桃源仓库,181.1
娄底涟源仓库,常德临澧仓库,244.7
娄底涟源仓库,益阳桃江仓库,163.8
娄底涟源仓库,常德安乡仓库,252.5
娄底涟源仓库,常德津市仓库,252.6
娄底涟源仓库,张家界慈利仓库,258.4
娄底涟源仓库,益阳沅江仓库,200.1
娄底涟源仓库,常德澧县仓库,258.8
娄底涟源仓库,国网湖南物资公司常德石门仓库,266.7
娄底涟源仓库,益阳南县仓库,256.4
娄底涟源仓库,益阳安化仓库,153.2
娄底涟源仓库,永州冷水滩仓库,167.5
娄底涟源仓库,国网湖南物资公司永州周转库,184.5
娄底涟源仓库,永州零陵仓库,207.5
娄底涟源仓库,永州东安仓库,189.5
娄底涟源仓库,永州祁阳仓库,190.6
娄底涟源仓库,永州双牌仓库,233.3
娄底涟源仓库,永州新田仓库,278.3
娄底涟源仓库,永州道县仓库,289.3
娄底涟源仓库,邵阳新宁仓库,185.5
娄底涟源仓库,永州宁远仓库,287.6
娄底涟源仓库,永州蓝山仓库,315.8
娄底涟源仓库,郴州嘉禾仓库,324.5
娄底涟源仓库,永州江华仓库,387
娄底涟源仓库,永州江永仓库,389.2
娄底涟源仓库,国网湖南物资公司长沙周转库,165.2
娄底涟源仓库,长沙县仓库,188.7
娄底涟源仓库,长沙望城仓库,171.7
娄底涟源仓库,长沙宁乡仓库,149
娄底涟源仓库,国网湖南物资公司株洲周转库,180.1
娄底涟源仓库,国网湖南物资公司湘潭周转库,155
娄底涟源仓库,湘潭韶山仓库,112
娄底涟源仓库,湘潭县仓库,150.2
娄底涟源仓库,国网湖南物资公司益阳周转库,154.2
娄底涟源仓库,湘潭湘乡仓库,100.6
娄底涟源仓库,长沙浏阳仓库,241.4
娄底涟源仓库,株洲醴陵仓库,200.8
娄底涟源仓库,衡阳衡山仓库,195.1
娄底涟源仓库,国网湖南物资公司湘西周转库,294.2
娄底涟源仓库,湘西凤凰仓库,295.1
娄底涟源仓库,湘西古丈仓库,341.5
娄底涟源仓库,怀化麻阳仓库,244.3
娄底涟源仓库,湘西泸溪仓库,235.5
娄底涟源仓库,湘西保靖仓库,378.6
娄底涟源仓库,怀化沅陵仓库,234
娄底涟源仓库,怀化辰溪仓库,206.9
娄底涟源仓库,湘西永顺仓库,407.1
娄底涟源仓库,张家界周转库,336.9
娄底涟源仓库,怀化溆浦仓库,152.6
娄底涟源仓库,湘西龙山仓库,474.6
娄底涟源仓库,张家界桑植仓库,390.9
娄底涟源仓库,国网湖南物资公司郴州周转库,339.3
娄底涟源仓库,郴州苏仙仓库,335.3
娄底涟源仓库,郴州北湖仓库,339.8
娄底涟源仓库,郴州桂阳仓库,308.3
娄底涟源仓库,郴州资兴仓库,330.2
娄底涟源仓库,衡阳耒阳仓库,251
娄底涟源仓库,郴州安仁仓库,297.7
娄底涟源仓库,株洲茶陵仓库,292.5
娄底涟源仓库,株洲炎陵仓库,335.2
娄底涟源仓库,衡阳常宁仓库,208.1
娄底涟源仓库,郴州桂东仓库,403.9
娄底涟源仓库,国网湖南物资公司衡阳周转库,167.1
娄底涟源仓库,株洲攸县仓库,266.2
娄底涟源仓库,衡阳衡东仓库,204.7
娄底涟源仓库,国网湖南物资公司怀化周转库,230.1
娄底涟源仓库,国网怀化中方芙蓉路仓库,228.1
娄底涟源仓库,怀化芷江仓库,267.2
娄底涟源仓库,怀化洪江市仓库,271.6
娄底涟源仓库,怀化洪江区仓库,275.1
娄底涟源仓库,邵阳洞口仓库,164
娄底涟源仓库,怀化会同仓库,316.2
娄底涟源仓库,怀化新晃仓库,322
娄底涟源仓库,怀化靖州仓库,314.4
娄底涟源仓库,邵阳武冈仓库,188.2
娄底涟源仓库,邵阳绥宁仓库,252.9
娄底涟源仓库,怀化通道仓库,315
娄底涟源仓库,邵阳城步仓库,241
娄底涟源仓库,国网湖南物资公司岳阳周转库,289.9
娄底涟源仓库,岳阳云溪仓库,287.8
娄底涟源仓库,岳阳君山仓库,316.9
娄底涟源仓库,岳阳临湘仓库,310.6
娄底涟源仓库,岳阳县仓库,263.6
娄底涟源仓库,岳阳华容仓库,285.8
娄底涟源仓库,岳阳汨罗仓库,226.6
娄底涟源仓库,岳阳湘阴仓库,203.6
娄底涟源仓库,岳阳平江仓库,275.9
邵阳隆回仓库,娄底新化仓库,112.7
邵阳隆回仓库,娄底双峰仓库,138.9
邵阳隆回仓库,国网湖南物资公司娄底周转库,142.2
邵阳隆回仓库,衡阳县仓库,156.7
邵阳隆回仓库,衡阳祁东仓库,180.5
邵阳隆回仓库,国网湖南物资公司常德周转库,287.2
邵阳隆回仓库,常德鼎城仓库,280.4
邵阳隆回仓库,常德汉寿仓库,293.2
邵阳隆回仓库,常德桃源仓库,277.3
邵阳隆回仓库,常德临澧仓库,343
邵阳隆回仓库,益阳桃江仓库,262.1
邵阳隆回仓库,常德安乡仓库,350.7
邵阳隆回仓库,常德津市仓库,350.9
邵阳隆回仓库,张家界慈利仓库,356.7
邵阳隆回仓库,益阳沅江仓库,298.4
邵阳隆回仓库,常德澧县仓库,357.1
邵阳隆回仓库,国网湖南物资公司常德石门仓库,365
邵阳隆回仓库,益阳南县仓库,354.7
邵阳隆回仓库,益阳安化仓库,190.8
邵阳隆回仓库,永州冷水滩仓库,128.6
邵阳隆回仓库,国网湖南物资公司永州周转库,145.6
邵阳隆回仓库,永州零陵仓库,168.3
邵阳隆回仓库,永州东安仓库,112.6
邵阳隆回仓库,永州祁阳仓库,151.7
邵阳隆回仓库,永州双牌仓库,189.2
邵阳隆回仓库,永州新田仓库,239.4
邵阳隆回仓库,永州道县仓库,245.3
邵阳隆回仓库,邵阳新宁仓库,108.8
邵阳隆回仓库,永州宁远仓库,248.7
邵阳隆回仓库,永州蓝山仓库,276.9
邵阳隆回仓库,郴州嘉禾仓库,285.6
邵阳隆回仓库,永州江华仓库,348.2
邵阳隆回仓库,永州江永仓库,350.3
邵阳隆回仓库,国网湖南物资公司长沙周转库,274.1
邵阳隆回仓库,长沙县仓库,281.2
邵阳隆回仓库,长沙望城仓库,275.3
邵阳隆回仓库,长沙宁乡仓库,247.3
邵阳隆回仓库,国网湖南物资公司株洲周转库,265.3
邵阳隆回仓库,国网湖南物资公司湘潭周转库,244.6
邵阳隆回仓库,湘潭韶山仓库,200
邵阳隆回仓库,湘潭县仓库,235.4
邵阳隆回仓库,国网湖南物资公司益阳周转库,252.5
邵阳隆回仓库,湘潭湘乡仓库,185.8
邵阳隆回仓库,长沙浏阳仓库,334.7
邵阳隆回仓库,株洲醴陵仓库,286
邵阳隆回仓库,衡阳衡山仓库,228.3
邵阳隆回仓库,国网湖南物资公司湘西周转库,261.7
邵阳隆回仓库,湘西凤凰仓库,229
邵阳隆回仓库,湘西古丈仓库,309.1
邵阳隆回仓库,怀化麻阳仓库,202.9
邵阳隆回仓库,湘西泸溪仓库,259.3
邵阳隆回仓库,湘西保靖仓库,346.1
邵阳隆回仓库,怀化沅陵仓库,271.5
邵阳隆回仓库,怀化辰溪仓库,230.7
邵阳隆回仓库,湘西永顺仓库,374.6
邵阳隆回仓库,张家界周转库,435.2
邵阳隆回仓库,怀化溆浦仓库,190.2
邵阳隆回仓库,湘西龙山仓库,435.1
邵阳隆回仓库,张家界桑植仓库,462
邵阳隆回仓库,国网湖南物资公司郴州周转库,351.6
邵阳隆回仓库,郴州苏仙仓库,347.6
邵阳隆回仓库,郴州北湖仓库,360.8
邵阳隆回仓库,郴州桂阳仓库,320.6
邵阳隆回仓库,郴州资兴仓库,342.4
邵阳隆回仓库,衡阳耒阳仓库,263.5
邵阳隆回仓库,郴州安仁仓库,301.7
邵阳隆回仓库,株洲茶陵仓库,304.8
邵阳隆回仓库,株洲炎陵仓库,347.4
邵阳隆回仓库,衡阳常宁仓库,220.6
邵阳隆回仓库,郴州桂东仓库,416.1
邵阳隆回仓库,国网湖南物资公司衡阳周转库,179.3
邵阳隆回仓库,株洲攸县仓库,280.7
邵阳隆回仓库,衡阳衡东仓库,217
邵阳隆回仓库,国网湖南物资公司怀化周转库,162.1
邵阳隆回仓库,国网怀化中方芙蓉路仓库,166.2
邵阳隆回仓库,怀化芷江仓库,163.3
邵阳隆回仓库,怀化洪江市仓库,159.5
邵阳隆回仓库,怀化洪江区仓库,162.9
邵阳隆回仓库,邵阳洞口仓库,51.8
邵阳隆回仓库,怀化会同仓库,203.2
邵阳隆回仓库,怀化新晃仓库,219
邵阳隆回仓库,怀化靖州仓库,202.2
邵阳隆回仓库,邵阳武冈仓库,76
邵阳隆回仓库,邵阳绥宁仓库,140.8
邵阳隆回仓库,怀化通道仓库,202.8
邵阳隆回仓库,邵阳城步仓库,128.8
邵阳隆回仓库,国网湖南物资公司岳阳周转库,388.2
邵阳隆回仓库,岳阳云溪仓库,386
邵阳隆回仓库,岳阳君山仓库,415.1
邵阳隆回仓库,岳阳临湘仓库,408.9
邵阳隆回仓库,岳阳县仓库,361.9
邵阳隆回仓库,岳阳华容仓库,384.1
邵阳隆回仓库,岳阳汨罗仓库,324.9
邵阳隆回仓库,岳阳湘阴仓库,301.8
邵阳隆回仓库,岳阳平江仓库,374.1
娄底新化仓库,娄底双峰仓库,124.9
娄底新化仓库,国网湖南物资公司娄底周转库,94.5
娄底新化仓库,衡阳县仓库,173.8
娄底新化仓库,衡阳祁东仓库,200.4
娄底新化仓库,国网湖南物资公司常德周转库,185.3
娄底新化仓库,常德鼎城仓库,178.5
娄底新化仓库,常德汉寿仓库,191.3
娄底新化仓库,常德桃源仓库,198.1
娄底新化仓库,常德临澧仓库,241.2
娄底新化仓库,益阳桃江仓库,160.2
娄底新化仓库,常德安乡仓库,248.9
娄底新化仓库,常德津市仓库,249.1
娄底新化仓库,张家界慈利仓库,254.8
娄底新化仓库,益阳沅江仓库,250.7
娄底新化仓库,常德澧县仓库,255.2
娄底新化仓库,国网湖南物资公司常德石门仓库,263.2
娄底新化仓库,益阳南县仓库,267.8
娄底新化仓库,益阳安化仓库,111.6
娄底新化仓库,永州冷水滩仓库,185.1
娄底新化仓库,国网湖南物资公司永州周转库,202.1
娄底新化仓库,永州零陵仓库,225.1
娄底新化仓库,永州东安仓库,209.7
娄底新化仓库,永州祁阳仓库,208.1
娄底新化仓库,永州双牌仓库,250.8
娄底新化仓库,永州新田仓库,295.9
娄底新化仓库,永州道县仓库,306.9
娄底新化仓库,邵阳新宁仓库,205.9
娄底新化仓库,永州宁远仓库,305.2
娄底新化仓库,永州蓝山仓库,333.4
娄底新化仓库,郴州嘉禾仓库,342.1
娄底新化仓库,永州江华仓库,404.6
娄底新化仓库,永州江永仓库,406.8
娄底新化仓库,国网湖南物资公司长沙周转库,215.7
娄底新化仓库,长沙县仓库,239.3
娄底新化仓库,长沙望城仓库,222.2
娄底新化仓库,长沙宁乡仓库,199.6
娄底新化仓库,国网湖南物资公司株洲周转库,230.7
娄底新化仓库,国网湖南物资公司湘潭周转库,205.6
娄底新化仓库,湘潭韶山仓库,162.5
娄底新化仓库,湘潭县仓库,200.8
娄底新化仓库,国网湖南物资公司益阳周转库,204.8
娄底新化仓库,湘潭湘乡仓库,151.2
娄底新化仓库,长沙浏阳仓库,292
娄底新化仓库,株洲醴陵仓库,251.4
娄底新化仓库,衡阳衡山仓库,245.7
娄底新化仓库,国网湖南物资公司湘西周转库,252.5
娄底新化仓库,湘西凤凰仓库,253.5
娄底新化仓库,湘西古丈仓库,299.9
娄底新化仓库,怀化麻阳仓库,202.7
娄底新化仓库,湘西泸溪仓库,193.8
娄底新化仓库,湘西保靖仓库,336.9
娄底新化仓库,怀化沅陵仓库,192.3
娄底新化仓库,怀化辰溪仓库,165.3
娄底新化仓库,湘西永顺仓库,365.4
娄底新化仓库,张家界周转库,333.3
娄底新化仓库,怀化溆浦仓库,111
娄底新化仓库,湘西龙山仓库,425.9
娄底新化仓库,张家界桑植仓库,387.3
娄底新化仓库,国网湖南物资公司郴州周转库,368.7
娄底新化仓库,郴州苏仙仓库,364.7
娄底新化仓库,郴州北湖仓库,369.1
娄底新化仓库,郴州桂阳仓库,337.7
娄底新化仓库,郴州资兴仓库,359.5
娄底新化仓库,衡阳耒阳仓库,280.6
娄底新化仓库,郴州安仁仓库,318.8
娄底新化仓库,株洲茶陵仓库,321.9
娄底新化仓库,株洲炎陵仓库,364.5
娄底新化仓库,衡阳常宁仓库,237.7
娄底新化仓库,郴州桂东仓库,433.2
娄底新化仓库,国网湖南物资公司衡阳周转库,196.4
娄底新化仓库,株洲攸县仓库,316.8
娄底新化仓库,衡阳衡东仓库,234.1
娄底新化仓库,国网湖南物资公司怀化周转库,188.5
娄底新化仓库,国网怀化中方芙蓉路仓库,186.4
娄底新化仓库,怀化芷江仓库,225.5
娄底新化仓库,怀化洪江市仓库,236.2
娄底新化仓库,怀化洪江区仓库,239.7
娄底新化仓库,邵阳洞口仓库,148.9
娄底新化仓库,怀化会同仓库,274.6
娄底新化仓库,怀化新晃仓库,280.4
娄底新化仓库,怀化靖州仓库,299.3
娄底新化仓库,邵阳武冈仓库,173.1
娄底新化仓库,邵阳绥宁仓库,237.8
娄底新化仓库,怀化通道仓库,299.9
娄底新化仓库,邵阳城步仓库,225.9
娄底新化仓库,国网湖南物资公司岳阳周转库,340.5
娄底新化仓库,岳阳云溪仓库,338.3
娄底新化仓库,岳阳君山仓库,367.4
娄底新化仓库,岳阳临湘仓库,361.2
娄底新化仓库,岳阳县仓库,314.2
娄底新化仓库,岳阳华容仓库,290.3
娄底新化仓库,岳阳汨罗仓库,277.2
娄底新化仓库,岳阳湘阴仓库,254.1
娄底新化仓库,岳阳平江仓库,326.5
娄底双峰仓库,国网湖南物资公司娄底周转库,37.4
娄底双峰仓库,衡阳县仓库,75.1
娄底双峰仓库,衡阳祁东仓库,101.3
娄底双峰仓库,国网湖南物资公司常德周转库,240.6
娄底双峰仓库,常德鼎城仓库,241.6
娄底双峰仓库,常德汉寿仓库,211.6
娄底双峰仓库,常德桃源仓库,258.1
娄底双峰仓库,常德临澧仓库,296.6
娄底双峰仓库,益阳桃江仓库,163.7
娄底双峰仓库,常德安乡仓库,273.9
娄底双峰仓库,常德津市仓库,304.5
娄底双峰仓库,张家界慈利仓库,314.1
娄底双峰仓库,益阳沅江仓库,198.1
娄底双峰仓库,常德澧县仓库,310.6
娄底双峰仓库,国网湖南物资公司常德石门仓库,322.5
娄底双峰仓库,益阳南县仓库,254.4
娄底双峰仓库,益阳安化仓库,221.6
娄底双峰仓库,永州冷水滩仓库,174.8
娄底双峰仓库,国网湖南物资公司永州周转库,188.1
娄底双峰仓库,永州零陵仓库,188.7
娄底双峰仓库,永州东安仓库,198.4
娄底双峰仓库,永州祁阳仓库,139.5
娄底双峰仓库,永州双牌仓库,232.3
娄底双峰仓库,永州新田仓库,237.2
娄底双峰仓库,永州道县仓库,288.3
娄底双峰仓库,邵阳新宁仓库,211
娄底双峰仓库,永州宁远仓库,268.6
娄底双峰仓库,永州蓝山仓库,296.8
娄底双峰仓库,郴州嘉禾仓库,259.8
娄底双峰仓库,永州江华仓库,373.7
娄底双峰仓库,永州江永仓库,375.9
娄底双峰仓库,国网湖南物资公司长沙周转库,165.5
娄底双峰仓库,长沙县仓库,172.6
娄底双峰仓库,长沙望城仓库,166.6
娄底双峰仓库,长沙宁乡仓库,141.1
娄底双峰仓库,国网湖南物资公司株洲周转库,134.6
娄底双峰仓库,国网湖南物资公司湘潭周转库,109.5
娄底双峰仓库,湘潭韶山仓库,76.6
娄底双峰仓库,湘潭县仓库,104.8
娄底双峰仓库,国网湖南物资公司益阳周转库,152.2
娄底双峰仓库,湘潭湘乡仓库,50.7
娄底双峰仓库,长沙浏阳仓库,226
娄底双峰仓库,株洲醴陵仓库,155.3
娄底双峰仓库,衡阳衡山仓库,107.9
娄底双峰仓库,国网湖南物资公司湘西周转库,362.5
娄底双峰仓库,湘西凤凰仓库,366.8
娄底双峰仓库,湘西古丈仓库,409.9
娄底双峰仓库,怀化麻阳仓库,312.7
娄底双峰仓库,湘西泸溪仓库,303.9
娄底双峰仓库,湘西保靖仓库,447
娄底双峰仓库,怀化沅陵仓库,302.4
娄底双峰仓库,怀化辰溪仓库,275.3
娄底双峰仓库,湘西永顺仓库,478.6
娄底双峰仓库,张家界周转库,392.6
娄底双峰仓库,怀化溆浦仓库,221
娄底双峰仓库,湘西龙山仓库,530.3
娄底双峰仓库,张家界桑植仓库,446.6
娄底双峰仓库,国网湖南物资公司郴州周转库,269.9
娄底双峰仓库,郴州苏仙仓库,265.9
娄底双峰仓库,郴州北湖仓库,270.3
娄底双峰仓库,郴州桂阳仓库,238.9
娄底双峰仓库,郴州资兴仓库,260.7
娄底双峰仓库,衡阳耒阳仓库,181.5
娄底双峰仓库,郴州安仁仓库,220
娄底双峰仓库,株洲茶陵仓库,223.1
娄底双峰仓库,株洲炎陵仓库,265.7
娄底双峰仓库,衡阳常宁仓库,138.6
娄底双峰仓库,郴州桂东仓库,334.4
娄底双峰仓库,国网湖南物资公司衡阳周转库,97.6
娄底双峰仓库,株洲攸县仓库,199
娄底双峰仓库,衡阳衡东仓库,135.3
娄底双峰仓库,国网湖南物资公司怀化周转库,299.9
娄底双峰仓库,国网怀化中方芙蓉路仓库,296.5
娄底双峰仓库,怀化芷江仓库,301.1
娄底双峰仓库,怀化洪江市仓库,297.3
娄底双峰仓库,怀化洪江区仓库,300.7
娄底双峰仓库,邵阳洞口仓库,189.7
娄底双峰仓库,怀化会同仓库,341
娄底双峰仓库,怀化新晃仓库,356.8
娄底双峰仓库,怀化靖州仓库,340
娄底双峰仓库,邵阳武冈仓库,213.8
娄底双峰仓库,邵阳绥宁仓库,278.6
娄底双峰仓库,怀化通道仓库,340.6
娄底双峰仓库,邵阳城步仓库,266.6
娄底双峰仓库,国网湖南物资公司岳阳周转库,287.9
娄底双峰仓库,岳阳云溪仓库,285.7
娄底双峰仓库,岳阳君山仓库,314.8
娄底双峰仓库,岳阳临湘仓库,308.6
娄底双峰仓库,岳阳县仓库,261.6
娄底双峰仓库,岳阳华容仓库,283.8
娄底双峰仓库,岳阳汨罗仓库,224.6
娄底双峰仓库,岳阳湘阴仓库,201.5
娄底双峰仓库,岳阳平江仓库,265.5
国网湖南物资公司娄底周转库,衡阳县仓库,109.8
国网湖南物资公司娄底周转库,衡阳祁东仓库,136
国网湖南物资公司娄底周转库,国网湖南物资公司常德周转库,208.5
国网湖南物资公司娄底周转库,常德鼎城仓库,209.5
国网湖南物资公司娄底周转库,常德汉寿仓库,179.5
国网湖南物资公司娄底周转库,常德桃源仓库,184.1
国网湖南物资公司娄底周转库,常德临澧仓库,264.5
国网湖南物资公司娄底周转库,益阳桃江仓库,131.6
国网湖南物资公司娄底周转库,常德安乡仓库,241.8
国网湖南物资公司娄底周转库,常德津市仓库,272.4
国网湖南物资公司娄底周转库,张家界慈利仓库,261.4
国网湖南物资公司娄底周转库,益阳沅江仓库,165.9
国网湖南物资公司娄底周转库,常德澧县仓库,278.5
国网湖南物资公司娄底周转库,国网湖南物资公司常德石门仓库,269.8
国网湖南物资公司娄底周转库,益阳南县仓库,222.3
国网湖南物资公司娄底周转库,益阳安化仓库,192.4
国网湖南物资公司娄底周转库,永州冷水滩仓库,196
国网湖南物资公司娄底周转库,国网湖南物资公司永州周转库,213
国网湖南物资公司娄底周转库,永州零陵仓库,223.4
国网湖南物资公司娄底周转库,永州东安仓库,218
国网湖南物资公司娄底周转库,永州祁阳仓库,174.2
国网湖南物资公司娄底周转库,永州双牌仓库,261.7
国网湖南物资公司娄底周转库,永州新田仓库,271.9
国网湖南物资公司娄底周转库,永州道县仓库,317.8
国网湖南物资公司娄底周转库,邵阳新宁仓库,214
国网湖南物资公司娄底周转库,永州宁远仓库,303.3
国网湖南物资公司娄底周转库,永州蓝山仓库,331.5
国网湖南物资公司娄底周转库,郴州嘉禾仓库,294.5
国网湖南物资公司娄底周转库,永州江华仓库,408.5
国网湖南物资公司娄底周转库,永州江永仓库,410.6
国网湖南物资公司娄底周转库,国网湖南物资公司长沙周转库,133.5
国网湖南物资公司娄底周转库,长沙县仓库,160.1
国网湖南物资公司娄底周转库,长沙望城仓库,140
国网湖南物资公司娄底周转库,长沙宁乡仓库,109
国网湖南物资公司娄底周转库,国网湖南物资公司株洲周转库,145.4
国网湖南物资公司娄底周转库,国网湖南物资公司湘潭周转库,123.5
国网湖南物资公司娄底周转库,湘潭韶山仓库,78.9
国网湖南物资公司娄底周转库,湘潭县仓库,115.5
国网湖南物资公司娄底周转库,国网湖南物资公司益阳周转库,120
国网湖南物资公司娄底周转库,湘潭湘乡仓库,65.9
国网湖南物资公司娄底周转库,长沙浏阳仓库,213.6
国网湖南物资公司娄底周转库,株洲醴陵仓库,166.1
国网湖南物资公司娄底周转库,衡阳衡山仓库,160.3
国网湖南物资公司娄底周转库,国网湖南物资公司湘西周转库,333.3
国网湖南物资公司娄底周转库,湘西凤凰仓库,334.2
国网湖南物资公司娄底周转库,湘西古丈仓库,380.6
国网湖南物资公司娄底周转库,怀化麻阳仓库,283.5
国网湖南物资公司娄底周转库,湘西泸溪仓库,274.6
国网湖南物资公司娄底周转库,湘西保靖仓库,417.7
国网湖南物资公司娄底周转库,怀化沅陵仓库,273.1
国网湖南物资公司娄底周转库,怀化辰溪仓库,246.1
国网湖南物资公司娄底周转库,湘西永顺仓库,425.9
国网湖南物资公司娄底周转库,张家界周转库,339.9
国网湖南物资公司娄底周转库,怀化溆浦仓库,191.7
国网湖南物资公司娄底周转库,湘西龙山仓库,477.6
国网湖南物资公司娄底周转库,张家界桑植仓库,393.9
国网湖南物资公司娄底周转库,国网湖南物资公司郴州周转库,304.6
国网湖南物资公司娄底周转库,郴州苏仙仓库,300.6
国网湖南物资公司娄底周转库,郴州北湖仓库,305
国网湖南物资公司娄底周转库,郴州桂阳仓库,273.6
国网湖南物资公司娄底周转库,郴州资兴仓库,295.4
国网湖南物资公司娄底周转库,衡阳耒阳仓库,216.2
国网湖南物资公司娄底周转库,郴州安仁仓库,263
国网湖南物资公司娄底周转库,株洲茶陵仓库,257.8
国网湖南物资公司娄底周转库,株洲炎陵仓库,300.4
国网湖南物资公司娄底周转库,衡阳常宁仓库,173.3
国网湖南物资公司娄底周转库,郴州桂东仓库,369.2
国网湖南物资公司娄底周转库,国网湖南物资公司衡阳周转库,132.3
国网湖南物资公司娄底周转库,株洲攸县仓库,231.5
国网湖南物资公司娄底周转库,衡阳衡东仓库,170
国网湖南物资公司娄底周转库,国网湖南物资公司怀化周转库,269.3
国网湖南物资公司娄底周转库,国网怀化中方芙蓉路仓库,267.2
国网湖南物资公司娄底周转库,怀化芷江仓库,303.9
国网湖南物资公司娄底周转库,怀化洪江市仓库,300.1
国网湖南物资公司娄底周转库,怀化洪江区仓库,303.6
国网湖南物资公司娄底周转库,邵阳洞口仓库,192.5
国网湖南物资公司娄底周转库,怀化会同仓库,343.8
国网湖南物资公司娄底周转库,怀化新晃仓库,359.6
国网湖南物资公司娄底周转库,怀化靖州仓库,342.9
国网湖南物资公司娄底周转库,邵阳武冈仓库,216.7
国网湖南物资公司娄底周转库,邵阳绥宁仓库,281.4
国网湖南物资公司娄底周转库,怀化通道仓库,343.5
国网湖南物资公司娄底周转库,邵阳城步仓库,269.5
国网湖南物资公司娄底周转库,国网湖南物资公司岳阳周转库,255.7
国网湖南物资公司娄底周转库,岳阳云溪仓库,253.6
国网湖南物资公司娄底周转库,岳阳君山仓库,282.7
国网湖南物资公司娄底周转库,岳阳临湘仓库,276.5
国网湖南物资公司娄底周转库,岳阳县仓库,229.4
国网湖南物资公司娄底周转库,岳阳华容仓库,251.7
国网湖南物资公司娄底周转库,岳阳汨罗仓库,192.5
国网湖南物资公司娄底周转库,岳阳湘阴仓库,169.4
国网湖南物资公司娄底周转库,岳阳平江仓库,241.8
衡阳县仓库,衡阳祁东仓库,56.8
衡阳县仓库,国网湖南物资公司常德周转库,302.6
衡阳县仓库,常德鼎城仓库,303.7
衡阳县仓库,常德汉寿仓库,273.6
衡阳县仓库,常德桃源仓库,320.2
衡阳县仓库,常德临澧仓库,358.6
衡阳县仓库,益阳桃江仓库,225.8
衡阳县仓库,常德安乡仓库,335.9
衡阳县仓库,常德津市仓库,366.5
衡阳县仓库,张家界慈利仓库,376.1
衡阳县仓库,益阳沅江仓库,260.1
衡阳县仓库,常德澧县仓库,372.6
衡阳县仓库,国网湖南物资公司常德石门仓库,384.5
衡阳县仓库,益阳南县仓库,316.4
衡阳县仓库,益阳安化仓库,271.2
衡阳县仓库,永州冷水滩仓库,130.8
衡阳县仓库,国网湖南物资公司永州周转库,144.1
衡阳县仓库,永州零陵仓库,144.7
衡阳县仓库,永州东安仓库,154.4
衡阳县仓库,永州祁阳仓库,95.5
衡阳县仓库,永州双牌仓库,188.2
衡阳县仓库,永州新田仓库,171
衡阳县仓库,永州道县仓库,278.1
衡阳县仓库,邵阳新宁仓库,228.2
衡阳县仓库,永州宁远仓库,240.2
衡阳县仓库,永州蓝山仓库,236.3
衡阳县仓库,郴州嘉禾仓库,193.6
衡阳县仓库,永州江华仓库,307.5
衡阳县仓库,永州江永仓库,309.7
衡阳县仓库,国网湖南物资公司长沙周转库,187.1
衡阳县仓库,长沙县仓库,194.1
衡阳县仓库,长沙望城仓库,188.2
衡阳县仓库,长沙宁乡仓库,194.3
衡阳县仓库,国网湖南物资公司株洲周转库,158.5
衡阳县仓库,国网湖南物资公司湘潭周转库,133.5
衡阳县仓库,湘潭韶山仓库,156.7
衡阳县仓库,湘潭县仓库,128.8
衡阳县仓库,国网湖南物资公司益阳周转库,214.2
衡阳县仓库,湘潭湘乡仓库,130.4
衡阳县仓库,长沙浏阳仓库,247.6
衡阳县仓库,株洲醴陵仓库,179.2
衡阳县仓库,衡阳衡山仓库,80.4
衡阳县仓库,国网湖南物资公司湘西周转库,412.1
衡阳县仓库,湘西凤凰仓库,384
衡阳县仓库,湘西古丈仓库,459.5
衡阳县仓库,怀化麻阳仓库,358
衡阳县仓库,湘西泸溪仓库,353.4
衡阳县仓库,湘西保靖仓库,496.5
衡阳县仓库,怀化沅陵仓库,351.9
衡阳县仓库,怀化辰溪仓库,324.9
衡阳县仓库,湘西永顺仓库,525
衡阳县仓库,张家界周转库,454.6
衡阳县仓库,怀化溆浦仓库,270.6
衡阳县仓库,湘西龙山仓库,592.3
衡阳县仓库,张家界桑植仓库,508.6
衡阳县仓库,国网湖南物资公司郴州周转库,203.7
衡阳县仓库,郴州苏仙仓库,199.7
衡阳县仓库,郴州北湖仓库,204.1
衡阳县仓库,郴州桂阳仓库,172.7
衡阳县仓库,郴州资兴仓库,194.5
衡阳县仓库,衡阳耒阳仓库,113.5
衡阳县仓库,郴州安仁仓库,153.8
衡阳县仓库,株洲茶陵仓库,156.9
衡阳县仓库,株洲炎陵仓库,199.5
衡阳县仓库,衡阳常宁仓库,90.1
衡阳县仓库,郴州桂东仓库,268.2
衡阳县仓库,国网湖南物资公司衡阳周转库,25.7
衡阳县仓库,株洲攸县仓库,132.8
衡阳县仓库,衡阳衡东仓库,69.1
衡阳县仓库,国网湖南物资公司怀化周转库,317.2
衡阳县仓库,国网怀化中方芙蓉路仓库,321.3
衡阳县仓库,怀化芷江仓库,318.3
衡阳县仓库,怀化洪江市仓库,314.5
衡阳县仓库,怀化洪江区仓库,318
衡阳县仓库,邵阳洞口仓库,206.9
衡阳县仓库,怀化会同仓库,358.2
衡阳县仓库,怀化新晃仓库,374
衡阳县仓库,怀化靖州仓库,357.3
衡阳县仓库,邵阳武冈仓库,231.1
衡阳县仓库,邵阳绥宁仓库,295.8
衡阳县仓库,怀化通道仓库,357.8
衡阳县仓库,邵阳城步仓库,283.9
衡阳县仓库,国网湖南物资公司岳阳周转库,314.1
衡阳县仓库,岳阳云溪仓库,312
衡阳县仓库,岳阳君山仓库,341.1
衡阳县仓库,岳阳临湘仓库,334.9
衡阳县仓库,岳阳县仓库,287.8
衡阳县仓库,岳阳华容仓库,345.8
衡阳县仓库,岳阳汨罗仓库,250.7
衡阳县仓库,岳阳湘阴仓库,226.6
衡阳县仓库,岳阳平江仓库,287
衡阳祁东仓库,国网湖南物资公司常德周转库,329.6
衡阳祁东仓库,常德鼎城仓库,330.6
衡阳祁东仓库,常德汉寿仓库,300.6
衡阳祁东仓库,常德桃源仓库,347.1
衡阳祁东仓库,常德临澧仓库,385.6
衡阳祁东仓库,益阳桃江仓库,252.7
衡阳祁东仓库,常德安乡仓库,362.9
衡阳祁东仓库,常德津市仓库,393.5
衡阳祁东仓库,张家界慈利仓库,403.1
衡阳祁东仓库,益阳沅江仓库,287.1
衡阳祁东仓库,常德澧县仓库,399.6
衡阳祁东仓库,国网湖南物资公司常德石门仓库,411.5
衡阳祁东仓库,益阳南县仓库,343.4
衡阳祁东仓库,益阳安化仓库,298.4
衡阳祁东仓库,永州冷水滩仓库,82.8
衡阳祁东仓库,国网湖南物资公司永州周转库,81.5
衡阳祁东仓库,永州零陵仓库,108.9
衡阳祁东仓库,永州东安仓库,106.4
衡阳祁东仓库,永州祁阳仓库,47.5
衡阳祁东仓库,永州双牌仓库,148.4
衡阳祁东仓库,永州新田仓库,171
衡阳祁东仓库,永州道县仓库,204.4
衡阳祁东仓库,邵阳新宁仓库,194.3
衡阳祁东仓库,永州宁远仓库,188.8
衡阳祁东仓库,永州蓝山仓库,217
衡阳祁东仓库,郴州嘉禾仓库,193.6
衡阳祁东仓库,永州江华仓库,288.3
衡阳祁东仓库,永州江永仓库,290.4
衡阳祁东仓库,国网湖南物资公司长沙周转库,240.2
衡阳祁东仓库,长沙县仓库,247.2
衡阳祁东仓库,长沙望城仓库,241.3
衡阳祁东仓库,长沙宁乡仓库,230.1
衡阳祁东仓库,国网湖南物资公司株洲周转库,211.7
衡阳祁东仓库,国网湖南物资公司湘潭周转库,186.7
衡阳祁东仓库,湘潭韶山仓库,180.3
衡阳祁东仓库,湘潭县仓库,181.9
衡阳祁东仓库,国网湖南物资公司益阳周转库,241.2
衡阳祁东仓库,湘潭湘乡仓库,166.2
衡阳祁东仓库,长沙浏阳仓库,300.7
衡阳祁东仓库,株洲醴陵仓库,232.3
衡阳祁东仓库,衡阳衡山仓库,133.7
衡阳祁东仓库,国网湖南物资公司湘西周转库,441.2
衡阳祁东仓库,湘西凤凰仓库,408.5
衡阳祁东仓库,湘西古丈仓库,488.6
衡阳祁东仓库,怀化麻阳仓库,382.4
衡阳祁东仓库,湘西泸溪仓库,380.7
衡阳祁东仓库,湘西保靖仓库,525.7
衡阳祁东仓库,怀化沅陵仓库,379.2
衡阳祁东仓库,怀化辰溪仓库,352.1
衡阳祁东仓库,湘西永顺仓库,554.2
衡阳祁东仓库,张家界周转库,481.6
衡阳祁东仓库,怀化溆浦仓库,297.8
衡阳祁东仓库,湘西龙山仓库,619.3
衡阳祁东仓库,张家界桑植仓库,535.6
衡阳祁东仓库,国网湖南物资公司郴州周转库,213.4
衡阳祁东仓库,郴州苏仙仓库,209.3
衡阳祁东仓库,郴州北湖仓库,213.8
衡阳祁东仓库,郴州桂阳仓库,172.7
衡阳祁东仓库,郴州资兴仓库,204.2
衡阳祁东仓库,衡阳耒阳仓库,113.2
衡阳祁东仓库,郴州安仁仓库,167.9
衡阳祁东仓库,株洲茶陵仓库,193.9
衡阳祁东仓库,株洲炎陵仓库,228.7
衡阳祁东仓库,衡阳常宁仓库,70.4
衡阳祁东仓库,郴州桂东仓库,297.4
衡阳祁东仓库,国网湖南物资公司衡阳周转库,63.5
衡阳祁东仓库,株洲攸县仓库,205.4
衡阳祁东仓库,衡阳衡东仓库,122.4
衡阳祁东仓库,国网湖南物资公司怀化周转库,341.6
衡阳祁东仓库,国网怀化中方芙蓉路仓库,345.8
衡阳祁东仓库,怀化芷江仓库,342.8
衡阳祁东仓库,怀化洪江市仓库,339
衡阳祁东仓库,怀化洪江区仓库,342.5
衡阳祁东仓库,邵阳洞口仓库,231.4
衡阳祁东仓库,怀化会同仓库,382.7
衡阳祁东仓库,怀化新晃仓库,398.5
衡阳祁东仓库,怀化靖州仓库,381.7
衡阳祁东仓库,邵阳武冈仓库,249.3
衡阳祁东仓库,邵阳绥宁仓库,320.3
衡阳祁东仓库,怀化通道仓库,382.3
衡阳祁东仓库,邵阳城步仓库,308.4
衡阳祁东仓库,国网湖南物资公司岳阳周转库,367.2
衡阳祁东仓库,岳阳云溪仓库,365.1
衡阳祁东仓库,岳阳君山仓库,394.2
衡阳祁东仓库,岳阳临湘仓库,388
衡阳祁东仓库,岳阳县仓库,340.9
衡阳祁东仓库,岳阳华容仓库,372.8
衡阳祁东仓库,岳阳汨罗仓库,303.8
衡阳祁东仓库,岳阳湘阴仓库,279.7
衡阳祁东仓库,岳阳平江仓库,340.2
国网湖南物资公司常德周转库,常德鼎城仓库,3.2
国网湖南物资公司常德周转库,常德汉寿仓库,40.7
国网湖南物资公司常德周转库,常德桃源仓库,38.8
国网湖南物资公司常德周转库,常德临澧仓库,55.9
国网湖南物资公司常德周转库,益阳桃江仓库,110.5
国网湖南物资公司常德周转库,常德安乡仓库,74.3
国网湖南物资公司常德周转库,常德津市仓库,74.5
国网湖南物资公司常德周转库,张家界慈利仓库,80.3
国网湖南物资公司常德周转库,益阳沅江仓库,97
国网湖南物资公司常德周转库,常德澧县仓库,80.6
国网湖南物资公司常德周转库,国网湖南物资公司常德石门仓库,88.6
国网湖南物资公司常德周转库,益阳南县仓库,93.2
国网湖南物资公司常德周转库,益阳安化仓库,133.5
国网湖南物资公司常德周转库,永州冷水滩仓库,338.1
国网湖南物资公司常德周转库,国网湖南物资公司永州周转库,355.2
国网湖南物资公司常德周转库,永州零陵仓库,378.1
国网湖南物资公司常德周转库,永州东安仓库,360.1
国网湖南物资公司常德周转库,永州祁阳仓库,361.2
国网湖南物资公司常德周转库,永州双牌仓库,403.9
国网湖南物资公司常德周转库,永州新田仓库,449
国网湖南物资公司常德周转库,永州道县仓库,459.9
国网湖南物资公司常德周转库,邵阳新宁仓库,356.1
国网湖南物资公司常德周转库,永州宁远仓库,458.2
国网湖南物资公司常德周转库,永州蓝山仓库,486.4
国网湖南物资公司常德周转库,郴州嘉禾仓库,478.9
国网湖南物资公司常德周转库,永州江华仓库,557.7
国网湖南物资公司常德周转库,永州江永仓库,559.8
国网湖南物资公司常德周转库,国网湖南物资公司长沙周转库,163
国网湖南物资公司常德周转库,长沙县仓库,184.8
国网湖南物资公司常德周转库,长沙望城仓库,152.6
国网湖南物资公司常德周转库,长沙宁乡仓库,133.8
国网湖南物资公司常德周转库,国网湖南物资公司株洲周转库,231.6
国网湖南物资公司常德周转库,国网湖南物资公司湘潭周转库,206.5
国网湖南物资公司常德周转库,湘潭韶山仓库,181.5
国网湖南物资公司常德周转库,湘潭县仓库,217.6
国网湖南物资公司常德周转库,国网湖南物资公司益阳周转库,99.8
国网湖南物资公司常德周转库,湘潭湘乡仓库,201.8
国网湖南物资公司常德周转库,长沙浏阳仓库,244.2
国网湖南物资公司常德周转库,株洲醴陵仓库,274.2
国网湖南物资公司常德周转库,衡阳衡山仓库,291.8
国网湖南物资公司常德周转库,国网湖南物资公司湘西周转库,242
国网湖南物资公司常德周转库,湘西凤凰仓库,279.4
国网湖南物资公司常德周转库,湘西古丈仓库,289.3
国网湖南物资公司常德周转库,怀化麻阳仓库,269.6
国网湖南物资公司常德周转库,湘西泸溪仓库,192.3
国网湖南物资公司常德周转库,湘西保靖仓库,263.3
国网湖南物资公司常德周转库,怀化沅陵仓库,170.7
国网湖南物资公司常德周转库,怀化辰溪仓库,220.5
国网湖南物资公司常德周转库,湘西永顺仓库,244.8
国网湖南物资公司常德周转库,张家界周转库,158.8
国网湖南物资公司常德周转库,怀化溆浦仓库,242
国网湖南物资公司常德周转库,湘西龙山仓库,296.5
国网湖南物资公司常德周转库,张家界桑植仓库,212.8
国网湖南物资公司常德周转库,国网湖南物资公司郴州周转库,470
国网湖南物资公司常德周转库,郴州苏仙仓库,466
国网湖南物资公司常德周转库,郴州北湖仓库,470.4
国网湖南物资公司常德周转库,郴州桂阳仓库,457.9
国网湖南物资公司常德周转库,郴州资兴仓库,460.8
国网湖南物资公司常德周转库,衡阳耒阳仓库,386.1
国网湖南物资公司常德周转库,郴州安仁仓库,385.5
国网湖南物资公司常德周转库,株洲茶陵仓库,388.6
国网湖南物资公司常德周转库,株洲炎陵仓库,431.3
国网湖南物资公司常德周转库,衡阳常宁仓库,364.6
国网湖南物资公司常德周转库,郴州桂东仓库,500
国网湖南物资公司常德周转库,国网湖南物资公司衡阳周转库,316.9
国网湖南物资公司常德周转库,株洲攸县仓库,354
国网湖南物资公司常德周转库,衡阳衡东仓库,309.3
国网湖南物资公司常德周转库,国网湖南物资公司怀化周转库,279.3
国网湖南物资公司常德周转库,国网怀化中方芙蓉路仓库,277.3
国网湖南物资公司常德周转库,怀化芷江仓库,316.4
国网湖南物资公司常德周转库,怀化洪江市仓库,327
国网湖南物资公司常德周转库,怀化洪江区仓库,330.5
国网湖南物资公司常德周转库,邵阳洞口仓库,334.7
国网湖南物资公司常德周转库,怀化会同仓库,365.4
国网湖南物资公司常德周转库,怀化新晃仓库,371.2
国网湖南物资公司常德周转库,怀化靖州仓库,404.1
国网湖南物资公司常德周转库,邵阳武冈仓库,358.8
国网湖南物资公司常德周转库,邵阳绥宁仓库,423.6
国网湖南物资公司常德周转库,怀化通道仓库,469.2
国网湖南物资公司常德周转库,邵阳城步仓库,411.6
国网湖南物资公司常德周转库,国网湖南物资公司岳阳周转库,185.9
国网湖南物资公司常德周转库,岳阳云溪仓库,184.7
国网湖南物资公司常德周转库,岳阳君山仓库,170.6
国网湖南物资公司常德周转库,岳阳临湘仓库,225.1
国网湖南物资公司常德周转库,岳阳县仓库,214.2
国网湖南物资公司常德周转库,岳阳华容仓库,115.7
国网湖南物资公司常德周转库,岳阳汨罗仓库,177.3
国网湖南物资公司常德周转库,岳阳湘阴仓库,154.2
国网湖南物资公司常德周转库,岳阳平江仓库,226.6
常德鼎城仓库,常德汉寿仓库,39.2
常德鼎城仓库,常德桃源仓库,35.8
常德鼎城仓库,常德临澧仓库,54.5
常德鼎城仓库,益阳桃江仓库,113.3
常德鼎城仓库,常德安乡仓库,77.1
常德鼎城仓库,常德津市仓库,77.3
常德鼎城仓库,张家界慈利仓库,77.6
常德鼎城仓库,益阳沅江仓库,99.7
常德鼎城仓库,常德澧县仓库,83.4
常德鼎城仓库,国网湖南物资公司常德石门仓库,86
常德鼎城仓库,益阳南县仓库,96
常德鼎城仓库,益阳安化仓库,128.9
常德鼎城仓库,永州冷水滩仓库,333.5
常德鼎城仓库,国网湖南物资公司永州周转库,350.6
常德鼎城仓库,永州零陵仓库,373.6
常德鼎城仓库,永州东安仓库,355.5
常德鼎城仓库,永州祁阳仓库,356.6
常德鼎城仓库,永州双牌仓库,399.3
常德鼎城仓库,永州新田仓库,444.4
常德鼎城仓库,永州道县仓库,455.3
常德鼎城仓库,邵阳新宁仓库,351.5
常德鼎城仓库,永州宁远仓库,453.6
常德鼎城仓库,永州蓝山仓库,481.8
常德鼎城仓库,郴州嘉禾仓库,481.6
常德鼎城仓库,永州江华仓库,553.1
常德鼎城仓库,永州江永仓库,555.2
常德鼎城仓库,国网湖南物资公司长沙周转库,165.7
常德鼎城仓库,长沙县仓库,187.6
常德鼎城仓库,长沙望城仓库,155.4
常德鼎城仓库,长沙宁乡仓库,133.4
常德鼎城仓库,国网湖南物资公司株洲周转库,234.4
常德鼎城仓库,国网湖南物资公司湘潭周转库,209.2
常德鼎城仓库,湘潭韶山仓库,181.1
常德鼎城仓库,湘潭县仓库,220.3
常德鼎城仓库,国网湖南物资公司益阳周转库,102.6
常德鼎城仓库,湘潭湘乡仓库,201.4
常德鼎城仓库,长沙浏阳仓库,246.9
常德鼎城仓库,株洲醴陵仓库,276.9
常德鼎城仓库,衡阳衡山仓库,294.6
常德鼎城仓库,国网湖南物资公司湘西周转库,239.4
常德鼎城仓库,湘西凤凰仓库,276.8
常德鼎城仓库,湘西古丈仓库,286.7
常德鼎城仓库,怀化麻阳仓库,267
常德鼎城仓库,湘西泸溪仓库,189.6
常德鼎城仓库,湘西保靖仓库,260.7
常德鼎城仓库,怀化沅陵仓库,168.1
常德鼎城仓库,怀化辰溪仓库,217.9
常德鼎城仓库,湘西永顺仓库,242.1
常德鼎城仓库,张家界周转库,156.1
常德鼎城仓库,怀化溆浦仓库,239.4
常德鼎城仓库,湘西龙山仓库,293.8
常德鼎城仓库,张家界桑植仓库,210.1
常德鼎城仓库,国网湖南物资公司郴州周转库,472.8
常德鼎城仓库,郴州苏仙仓库,468.7
常德鼎城仓库,郴州北湖仓库,473.2
常德鼎城仓库,郴州桂阳仓库,460.7
常德鼎城仓库,郴州资兴仓库,463.6
常德鼎城仓库,衡阳耒阳仓库,388.8
常德鼎城仓库,郴州安仁仓库,388.3
常德鼎城仓库,株洲茶陵仓库,391.4
常德鼎城仓库,株洲炎陵仓库,434
常德鼎城仓库,衡阳常宁仓库,367.3
常德鼎城仓库,郴州桂东仓库,502.8
常德鼎城仓库,国网湖南物资公司衡阳周转库,319.7
常德鼎城仓库,株洲攸县仓库,356.8
常德鼎城仓库,衡阳衡东仓库,312.1
常德鼎城仓库,国网湖南物资公司怀化周转库,276.7
常德鼎城仓库,国网怀化中方芙蓉路仓库,274.7
常德鼎城仓库,怀化芷江仓库,313.7
常德鼎城仓库,怀化洪江市仓库,324.4
常德鼎城仓库,怀化洪江区仓库,327.9
常德鼎城仓库,邵阳洞口仓库,330.1
常德鼎城仓库,怀化会同仓库,362.8
常德鼎城仓库,怀化新晃仓库,368.6
常德鼎城仓库,怀化靖州仓库,401.5
常德鼎城仓库,邵阳武冈仓库,354.2
常德鼎城仓库,邵阳绥宁仓库,419
常德鼎城仓库,怀化通道仓库,466.6
常德鼎城仓库,邵阳城步仓库,407
常德鼎城仓库,国网湖南物资公司岳阳周转库,188.7
常德鼎城仓库,岳阳云溪仓库,187.5
常德鼎城仓库,岳阳君山仓库,173.4
常德鼎城仓库,岳阳临湘仓库,227.9
常德鼎城仓库,岳阳县仓库,217
常德鼎城仓库,岳阳华容仓库,118.5
常德鼎城仓库,岳阳汨罗仓库,180
常德鼎城仓库,岳阳湘阴仓库,157
常德鼎城仓库,岳阳平江仓库,229.3
常德汉寿仓库,常德桃源仓库,64
常德汉寿仓库,常德临澧仓库,99.5
常德汉寿仓库,益阳桃江仓库,57.9
常德汉寿仓库,常德安乡仓库,73
常德汉寿仓库,常德津市仓库,86.9
常德汉寿仓库,张家界慈利仓库,120
常德汉寿仓库,益阳沅江仓库,54.3
常德汉寿仓库,常德澧县仓库,113.6
常德汉寿仓库,国网湖南物资公司常德石门仓库,145.3
常德汉寿仓库,益阳南县仓库,91.9
常德汉寿仓库,益阳安化仓库,144.5
常德汉寿仓库,永州冷水滩仓库,349.1
常德汉寿仓库,国网湖南物资公司永州周转库,366.2
常德汉寿仓库,永州零陵仓库,389.1
常德汉寿仓库,永州东安仓库,371.1
常德汉寿仓库,永州祁阳仓库,340.3
常德汉寿仓库,永州双牌仓库,414.9
常德汉寿仓库,永州新田仓库,434
常德汉寿仓库,永州道县仓库,470.9
常德汉寿仓库,邵阳新宁仓库,367.1
常德汉寿仓库,永州宁远仓库,469.2
常德汉寿仓库,永州蓝山仓库,499.3
常德汉寿仓库,郴州嘉禾仓库,456.6
常德汉寿仓库,永州江华仓库,570.5
常德汉寿仓库,永州江永仓库,572.7
常德汉寿仓库,国网湖南物资公司长沙周转库,140.7
常德汉寿仓库,长沙县仓库,162.6
常德汉寿仓库,长沙望城仓库,130.4
常德汉寿仓库,长沙宁乡仓库,108.4
常德汉寿仓库,国网湖南物资公司株洲周转库,209.4
常德汉寿仓库,国网湖南物资公司湘潭周转库,184.2
常德汉寿仓库,湘潭韶山仓库,156.1
常德汉寿仓库,湘潭县仓库,195.3
常德汉寿仓库,国网湖南物资公司益阳周转库,74.6
常德汉寿仓库,湘潭湘乡仓库,176.4
常德汉寿仓库,长沙浏阳仓库,221.9
常德汉寿仓库,株洲醴陵仓库,251.9
常德汉寿仓库,衡阳衡山仓库,269.6
常德汉寿仓库,国网湖南物资公司湘西周转库,267.6
常德汉寿仓库,湘西凤凰仓库,305.1
常德汉寿仓库,湘西古丈仓库,315
常德汉寿仓库,怀化麻阳仓库,295.2
常德汉寿仓库,湘西泸溪仓库,217.9
常德汉寿仓库,湘西保靖仓库,303
常德汉寿仓库,怀化沅陵仓库,196.4
常德汉寿仓库,怀化辰溪仓库,246.2
常德汉寿仓库,湘西永顺仓库,284.5
常德汉寿仓库,张家界周转库,198.5
常德汉寿仓库,怀化溆浦仓库,268.1
常德汉寿仓库,湘西龙山仓库,336.2
常德汉寿仓库,张家界桑植仓库,252.5
常德汉寿仓库,国网湖南物资公司郴州周转库,447.8
常德汉寿仓库,郴州苏仙仓库,443.7
常德汉寿仓库,郴州北湖仓库,448.2
常德汉寿仓库,郴州桂阳仓库,435.7
常德汉寿仓库,郴州资兴仓库,438.6
常德汉寿仓库,衡阳耒阳仓库,363.8
常德汉寿仓库,郴州安仁仓库,363.3
常德汉寿仓库,株洲茶陵仓库,366.4
常德汉寿仓库,株洲炎陵仓库,409
常德汉寿仓库,衡阳常宁仓库,339.4
常德汉寿仓库,郴州桂东仓库,477.8
常德汉寿仓库,国网湖南物资公司衡阳周转库,294.7
常德汉寿仓库,株洲攸县仓库,331.8
常德汉寿仓库,衡阳衡东仓库,287.1
常德汉寿仓库,国网湖南物资公司怀化周转库,305
常德汉寿仓库,国网怀化中方芙蓉路仓库,302.9
常德汉寿仓库,怀化芷江仓库,342
常德汉寿仓库,怀化洪江市仓库,352.7
常德汉寿仓库,怀化洪江区仓库,356.1
常德汉寿仓库,邵阳洞口仓库,345.6
常德汉寿仓库,怀化会同仓库,391.1
常德汉寿仓库,怀化新晃仓库,396.9
常德汉寿仓库,怀化靖州仓库,429.7
常德汉寿仓库,邵阳武冈仓库,369.8
常德汉寿仓库,邵阳绥宁仓库,434.5
常德汉寿仓库,怀化通道仓库,496.6
常德汉寿仓库,邵阳城步仓库,422.6
常德汉寿仓库,国网湖南物资公司岳阳周转库,184.5
常德汉寿仓库,岳阳云溪仓库,183.4
常德汉寿仓库,岳阳君山仓库,169.3
常德汉寿仓库,岳阳临湘仓库,239.1
常德汉寿仓库,岳阳县仓库,192
常德汉寿仓库,岳阳华容仓库,114.4
常德汉寿仓库,岳阳汨罗仓库,155.1
常德汉寿仓库,岳阳湘阴仓库,132
常德汉寿仓库,岳阳平江仓库,204.3
常德桃源仓库,常德临澧仓库,72
常德桃源仓库,益阳桃江仓库,130.6
常德桃源仓库,常德安乡仓库,104.9
常德桃源仓库,常德津市仓库,105.3
常德桃源仓库,张家界慈利仓库,86.1
常德桃源仓库,益阳沅江仓库,124.5
常德桃源仓库,常德澧县仓库,103.8
常德桃源仓库,国网湖南物资公司常德石门仓库,92.1
常德桃源仓库,益阳南县仓库,123.8
常德桃源仓库,益阳安化仓库,128.6
常德桃源仓库,永州冷水滩仓库,353.9
常德桃源仓库,国网湖南物资公司永州周转库,370.9
常德桃源仓库,永州零陵仓库,393.9
常德桃源仓库,永州东安仓库,375.8
常德桃源仓库,永州祁阳仓库,376.9
常德桃源仓库,永州双牌仓库,419.6
常德桃源仓库,永州新田仓库,464.7
常德桃源仓库,永州道县仓库,475.6
常德桃源仓库,邵阳新宁仓库,371.8
常德桃源仓库,永州宁远仓库,473.9
常德桃源仓库,永州蓝山仓库,502.1
常德桃源仓库,郴州嘉禾仓库,501
常德桃源仓库,永州江华仓库,573.4
常德桃源仓库,永州江永仓库,575.6
常德桃源仓库,国网湖南物资公司长沙周转库,187
常德桃源仓库,长沙县仓库,209.9
常德桃源仓库,长沙望城仓库,177.7
常德桃源仓库,长沙宁乡仓库,153.7
常德桃源仓库,国网湖南物资公司株洲周转库,258
常德桃源仓库,国网湖南物资公司湘潭周转库,231.4
常德桃源仓库,湘潭韶山仓库,201.4
常德桃源仓库,湘潭县仓库,239.7
常德桃源仓库,国网湖南物资公司益阳周转库,119.9
常德桃源仓库,湘潭湘乡仓库,221.7
常德桃源仓库,长沙浏阳仓库,269.3
常德桃源仓库,株洲醴陵仓库,296.3
常德桃源仓库,衡阳衡山仓库,314
常德桃源仓库,国网湖南物资公司湘西周转库,221.8
常德桃源仓库,湘西凤凰仓库,259.2
常德桃源仓库,湘西古丈仓库,269.1
常德桃源仓库,怀化麻阳仓库,249.4
常德桃源仓库,湘西泸溪仓库,172.1
常德桃源仓库,湘西保靖仓库,269.2
常德桃源仓库,怀化沅陵仓库,150.6
常德桃源仓库,怀化辰溪仓库,200.3
常德桃源仓库,湘西永顺仓库,250.6
常德桃源仓库,张家界周转库,164.6
常德桃源仓库,怀化溆浦仓库,221.8
常德桃源仓库,湘西龙山仓库,302.3
常德桃源仓库,张家界桑植仓库,218.6
常德桃源仓库,国网湖南物资公司郴州周转库,492.1
常德桃源仓库,郴州苏仙仓库,488.1
常德桃源仓库,郴州北湖仓库,492.5
常德桃源仓库,郴州桂阳仓库,480.1
常德桃源仓库,郴州资兴仓库,483
常德桃源仓库,衡阳耒阳仓库,408.2
常德桃源仓库,郴州安仁仓库,407.7
常德桃源仓库,株洲茶陵仓库,410.8
常德桃源仓库,株洲炎陵仓库,453.4
常德桃源仓库,衡阳常宁仓库,384.7
常德桃源仓库,郴州桂东仓库,522.1
常德桃源仓库,国网湖南物资公司衡阳周转库,339.1
常德桃源仓库,株洲攸县仓库,376.2
常德桃源仓库,衡阳衡东仓库,331.5
常德桃源仓库,国网湖南物资公司怀化周转库,259.1
常德桃源仓库,国网怀化中方芙蓉路仓库,257.1
常德桃源仓库,怀化芷江仓库,296.2
常德桃源仓库,怀化洪江市仓库,306.8
常德桃源仓库,怀化洪江区仓库,310.3
常德桃源仓库,邵阳洞口仓库,313.4
常德桃源仓库,怀化会同仓库,345.2
常德桃源仓库,怀化新晃仓库,351
常德桃源仓库,怀化靖州仓库,383.9
常德桃源仓库,邵阳武冈仓库,337.6
常德桃源仓库,邵阳绥宁仓库,402.3
常德桃源仓库,怀化通道仓库,449
常德桃源仓库,邵阳城步仓库,390.4
常德桃源仓库,国网湖南物资公司岳阳周转库,216.5
常德桃源仓库,岳阳云溪仓库,215.3
常德桃源仓库,岳阳君山仓库,201.3
常德桃源仓库,岳阳临湘仓库,255.7
常德桃源仓库,岳阳县仓库,239.5
常德桃源仓库,岳阳华容仓库,146.3
常德桃源仓库,岳阳汨罗仓库,202.6
常德桃源仓库,岳阳湘阴仓库,179.5
常德桃源仓库,岳阳平江仓库,251.8
常德临澧仓库,益阳桃江仓库,168.4
常德临澧仓库,常德安乡仓库,70.9
常德临澧仓库,常德津市仓库,35
常德临澧仓库,张家界慈利仓库,74.6
常德临澧仓库,益阳沅江仓库,154.9
常德临澧仓库,常德澧县仓库,36.8
常德临澧仓库,国网湖南物资公司常德石门仓库,40.1
常德临澧仓库,益阳南县仓库,98.5
常德临澧仓库,益阳安化仓库,191.3
常德临澧仓库,永州冷水滩仓库,395.9
常德临澧仓库,国网湖南物资公司永州周转库,413
常德临澧仓库,永州零陵仓库,436
常德临澧仓库,永州东安仓库,417.9
常德临澧仓库,永州祁阳仓库,419
常德临澧仓库,永州双牌仓库,461.7
常德临澧仓库,永州新田仓库,506.8
常德临澧仓库,永州道县仓库,517.7
常德临澧仓库,邵阳新宁仓库,413.9
常德临澧仓库,永州宁远仓库,516
常德临澧仓库,永州蓝山仓库,544.2
常德临澧仓库,郴州嘉禾仓库,536.7
常德临澧仓库,永州江华仓库,615.5
常德临澧仓库,永州江永仓库,617.6
常德临澧仓库,国网湖南物资公司长沙周转库,220.8
常德临澧仓库,长沙县仓库,242.7
常德临澧仓库,长沙望城仓库,210.5
常德临澧仓库,长沙宁乡仓库,197.4
常德临澧仓库,国网湖南物资公司株洲周转库,289.5
常德临澧仓库,国网湖南物资公司湘潭周转库,264.3
常德临澧仓库,湘潭韶山仓库,245.1
常德临澧仓库,湘潭县仓库,275.4
常德临澧仓库,国网湖南物资公司益阳周转库,157.7
常德临澧仓库,湘潭湘乡仓库,265.4
常德临澧仓库,长沙浏阳仓库,302.1
常德临澧仓库,株洲醴陵仓库,332.1
常德临澧仓库,衡阳衡山仓库,349.7
常德临澧仓库,国网湖南物资公司湘西周转库,294.3
常德临澧仓库,湘西凤凰仓库,331.7
常德临澧仓库,湘西古丈仓库,280
常德临澧仓库,怀化麻阳仓库,321.8
常德临澧仓库,湘西泸溪仓库,244.5
常德临澧仓库,湘西保靖仓库,259.3
常德临澧仓库,怀化沅陵仓库,223
常德临澧仓库,怀化辰溪仓库,272.8
常德临澧仓库,湘西永顺仓库,240.7
常德临澧仓库,张家界周转库,154.7
常德临澧仓库,怀化溆浦仓库,294.3
常德临澧仓库,湘西龙山仓库,292.4
常德临澧仓库,张家界桑植仓库,208.7
常德临澧仓库,国网湖南物资公司郴州周转库,527.9
常德临澧仓库,郴州苏仙仓库,523.8
常德临澧仓库,郴州北湖仓库,528.3
常德临澧仓库,郴州桂阳仓库,515.8
常德临澧仓库,郴州资兴仓库,518.7
常德临澧仓库,衡阳耒阳仓库,444
常德临澧仓库,郴州安仁仓库,443.4
常德临澧仓库,株洲茶陵仓库,446.5
常德临澧仓库,株洲炎陵仓库,489.2
常德临澧仓库,衡阳常宁仓库,422.5
常德临澧仓库,郴州桂东仓库,557.9
常德临澧仓库,国网湖南物资公司衡阳周转库,374.8
常德临澧仓库,株洲攸县仓库,411.9
常德临澧仓库,衡阳衡东仓库,367.2
常德临澧仓库,国网湖南物资公司怀化周转库,331.6
常德临澧仓库,国网怀化中方芙蓉路仓库,329.6
常德临澧仓库,怀化芷江仓库,368.6
常德临澧仓库,怀化洪江市仓库,379.3
常德临澧仓库,怀化洪江区仓库,382.8
常德临澧仓库,邵阳洞口仓库,392.5
常德临澧仓库,怀化会同仓库,417.7
常德临澧仓库,怀化新晃仓库,423.5
常德临澧仓库,怀化靖州仓库,456.4
常德临澧仓库,邵阳武冈仓库,416.6
常德临澧仓库,邵阳绥宁仓库,481.4
常德临澧仓库,怀化通道仓库,521.4
常德临澧仓库,邵阳城步仓库,469.4
常德临澧仓库,国网湖南物资公司岳阳周转库,191.2
常德临澧仓库,岳阳云溪仓库,190
常德临澧仓库,岳阳君山仓库,175.9
常德临澧仓库,岳阳临湘仓库,230.3
常德临澧仓库,岳阳县仓库,234.5
常德临澧仓库,岳阳华容仓库,121
常德临澧仓库,岳阳汨罗仓库,235.2
常德临澧仓库,岳阳湘阴仓库,212.1
常德临澧仓库,岳阳平江仓库,284.5
益阳桃江仓库,常德安乡仓库,145.1
益阳桃江仓库,常德津市仓库,175.7
益阳桃江仓库,张家界慈利仓库,185.3
益阳桃江仓库,益阳沅江仓库,51.8
益阳桃江仓库,常德澧县仓库,181.9
益阳桃江仓库,国网湖南物资公司常德石门仓库,193.7
益阳桃江仓库,益阳南县仓库,125.7
益阳桃江仓库,益阳安化仓库,110.3
益阳桃江仓库,永州冷水滩仓库,315.2
益阳桃江仓库,国网湖南物资公司永州周转库,332.2
益阳桃江仓库,永州零陵仓库,340.1
益阳桃江仓库,永州东安仓库,337.2
益阳桃江仓库,永州祁阳仓库,290.9
益阳桃江仓库,永州双牌仓库,380.9
益阳桃江仓库,永州新田仓库,388.6
益阳桃江仓库,永州道县仓库,437
益阳桃江仓库,邵阳新宁仓库,333.1
益阳桃江仓库,永州宁远仓库,420
益阳桃江仓库,永州蓝山仓库,448.2
益阳桃江仓库,郴州嘉禾仓库,411.2
益阳桃江仓库,永州江华仓库,525.2
益阳桃江仓库,永州江永仓库,527.3
益阳桃江仓库,国网湖南物资公司长沙周转库,100.8
益阳桃江仓库,长沙县仓库,123.7
益阳桃江仓库,长沙望城仓库,91.4
益阳桃江仓库,长沙宁乡仓库,67.6
益阳桃江仓库,国网湖南物资公司株洲周转库,170.4
益阳桃江仓库,国网湖南物资公司湘潭周转库,145.3
益阳桃江仓库,湘潭韶山仓库,115.2
益阳桃江仓库,湘潭县仓库,156.4
益阳桃江仓库,国网湖南物资公司益阳周转库,24.5
益阳桃江仓库,湘潭湘乡仓库,135.5
益阳桃江仓库,长沙浏阳仓库,183
益阳桃江仓库,株洲醴陵仓库,213
益阳桃江仓库,衡阳衡山仓库,230.6
益阳桃江仓库,国网湖南物资公司湘西周转库,284
益阳桃江仓库,湘西凤凰仓库,321.4
益阳桃江仓库,湘西古丈仓库,331.3
益阳桃江仓库,怀化麻阳仓库,311.6
益阳桃江仓库,湘西泸溪仓库,234.3
益阳桃江仓库,湘西保靖仓库,368.4
益阳桃江仓库,怀化沅陵仓库,212.8
益阳桃江仓库,怀化辰溪仓库,262.5
益阳桃江仓库,湘西永顺仓库,349.8
益阳桃江仓库,张家界周转库,263.8
益阳桃江仓库,怀化溆浦仓库,234
益阳桃江仓库,湘西龙山仓库,401.6
益阳桃江仓库,张家界桑植仓库,317.9
益阳桃江仓库,国网湖南物资公司郴州周转库,408.8
益阳桃江仓库,郴州苏仙仓库,404.8
益阳桃江仓库,郴州北湖仓库,409.2
益阳桃江仓库,郴州桂阳仓库,390.3
益阳桃江仓库,郴州资兴仓库,399.6
益阳桃江仓库,衡阳耒阳仓库,324.9
益阳桃江仓库,郴州安仁仓库,324.4
益阳桃江仓库,株洲茶陵仓库,327.5
益阳桃江仓库,株洲炎陵仓库,370.1
益阳桃江仓库,衡阳常宁仓库,290
益阳桃江仓库,郴州桂东仓库,438.8
益阳桃江仓库,国网湖南物资公司衡阳周转库,249.1
益阳桃江仓库,株洲攸县仓库,292.9
益阳桃江仓库,衡阳衡东仓库,248.2
益阳桃江仓库,国网湖南物资公司怀化周转库,311.5
益阳桃江仓库,国网怀化中方芙蓉路仓库,309.4
益阳桃江仓库,怀化芷江仓库,348.5
益阳桃江仓库,怀化洪江市仓库,359.2
益阳桃江仓库,怀化洪江区仓库,362.7
益阳桃江仓库,邵阳洞口仓库,311.7
益阳桃江仓库,怀化会同仓库,397.6
益阳桃江仓库,怀化新晃仓库,403.4
益阳桃江仓库,怀化靖州仓库,436.2
益阳桃江仓库,邵阳武冈仓库,335.9
益阳桃江仓库,邵阳绥宁仓库,400.6
益阳桃江仓库,怀化通道仓库,462.6
益阳桃江仓库,邵阳城步仓库,388.7
益阳桃江仓库,国网湖南物资公司岳阳周转库,179.5
益阳桃江仓库,岳阳云溪仓库,177.4
益阳桃江仓库,岳阳君山仓库,210
益阳桃江仓库,岳阳临湘仓库,200.3
益阳桃江仓库,岳阳县仓库,153.2
益阳桃江仓库,岳阳华容仓库,155.1
益阳桃江仓库,岳阳汨罗仓库,116.3
益阳桃江仓库,岳阳湘阴仓库,93.2
益阳桃江仓库,岳阳平江仓库,165.6
常德安乡仓库,常德津市仓库,48
常德安乡仓库,张家界慈利仓库,125.8
常德安乡仓库,益阳沅江仓库,91.1
常德安乡仓库,常德澧县仓库,65.3
常德安乡仓库,国网湖南物资公司常德石门仓库,96.8
常德安乡仓库,益阳南县仓库,29
常德安乡仓库,益阳安化仓库,199
常德安乡仓库,永州冷水滩仓库,403.7
常德安乡仓库,国网湖南物资公司永州周转库,420.7
常德安乡仓库,永州零陵仓库,443.7
常德安乡仓库,永州东安仓库,425.7
常德安乡仓库,永州祁阳仓库,401.1
常德安乡仓库,永州双牌仓库,469.4
常德安乡仓库,永州新田仓库,492.1
常德安乡仓库,永州道县仓库,525.5
常德安乡仓库,邵阳新宁仓库,421.6
常德安乡仓库,永州宁远仓库,523.8
常德安乡仓库,永州蓝山仓库,552
常德安乡仓库,郴州嘉禾仓库,514.7
常德安乡仓库,永州江华仓库,623.2
常德安乡仓库,永州江永仓库,625.4
常德安乡仓库,国网湖南物资公司长沙周转库,198.8
常德安乡仓库,长沙县仓库,220.7
常德安乡仓库,长沙望城仓库,188.5
常德安乡仓库,长沙宁乡仓库,169.5
常德安乡仓库,国网湖南物资公司株洲周转库,267.5
常德安乡仓库,国网湖南物资公司湘潭周转库,242.3
常德安乡仓库,湘潭韶山仓库,217.2
常德安乡仓库,湘潭县仓库,253.4
常德安乡仓库,国网湖南物资公司益阳周转库,135.5
常德安乡仓库,湘潭湘乡仓库,237.5
常德安乡仓库,长沙浏阳仓库,280
常德安乡仓库,株洲醴陵仓库,310
常德安乡仓库,衡阳衡山仓库,327.7
常德安乡仓库,国网湖南物资公司湘西周转库,325.3
常德安乡仓库,湘西凤凰仓库,362.7
常德安乡仓库,湘西古丈仓库,337
常德安乡仓库,怀化麻阳仓库,352.8
常德安乡仓库,湘西泸溪仓库,275.5
常德安乡仓库,湘西保靖仓库,316.3
常德安乡仓库,怀化沅陵仓库,254
常德安乡仓库,怀化辰溪仓库,303.8
常德安乡仓库,湘西永顺仓库,297.8
常德安乡仓库,张家界周转库,211.8
常德安乡仓库,怀化溆浦仓库,322.6
常德安乡仓库,湘西龙山仓库,349.5
常德安乡仓库,张家界桑植仓库,265.8
常德安乡仓库,国网湖南物资公司郴州周转库,505.8
常德安乡仓库,郴州苏仙仓库,501.8
常德安乡仓库,郴州北湖仓库,506.3
常德安乡仓库,郴州桂阳仓库,493.8
常德安乡仓库,郴州资兴仓库,496.7
常德安乡仓库,衡阳耒阳仓库,421.9
常德安乡仓库,郴州安仁仓库,421.4
常德安乡仓库,株洲茶陵仓库,424.5
常德安乡仓库,株洲炎陵仓库,467.1
常德安乡仓库,衡阳常宁仓库,400.2
常德安乡仓库,郴州桂东仓库,535.8
常德安乡仓库,国网湖南物资公司衡阳周转库,352.8
常德安乡仓库,株洲攸县仓库,389.9
常德安乡仓库,衡阳衡东仓库,345.2
常德安乡仓库,国网湖南物资公司怀化周转库,362.6
常德安乡仓库,国网怀化中方芙蓉路仓库,360.6
常德安乡仓库,怀化芷江仓库,399.6
常德安乡仓库,怀化洪江市仓库,410.3
常德安乡仓库,怀化洪江区仓库,413.8
常德安乡仓库,邵阳洞口仓库,400.2
常德安乡仓库,怀化会同仓库,448.7
常德安乡仓库,怀化新晃仓库,454.5
常德安乡仓库,怀化靖州仓库,487.3
常德安乡仓库,邵阳武冈仓库,424.4
常德安乡仓库,邵阳绥宁仓库,489.1
常德安乡仓库,怀化通道仓库,551.1
常德安乡仓库,邵阳城步仓库,477.2
常德安乡仓库,国网湖南物资公司岳阳周转库,121.7
常德安乡仓库,岳阳云溪仓库,120.6
常德安乡仓库,岳阳君山仓库,106.5
常德安乡仓库,岳阳临湘仓库,160.9
常德安乡仓库,岳阳县仓库,165.1
常德安乡仓库,岳阳华容仓库,51.6
常德安乡仓库,岳阳汨罗仓库,200.9
常德安乡仓库,岳阳湘阴仓库,190
常德安乡仓库,岳阳平江仓库,243.4
常德津市仓库,张家界慈利仓库,91.5
常德津市仓库,益阳沅江仓库,140
常德津市仓库,常德澧县仓库,15
常德津市仓库,国网湖南物资公司常德石门仓库,62.4
常德津市仓库,益阳南县仓库,78
常德津市仓库,益阳安化仓库,199.6
常德津市仓库,永州冷水滩仓库,404.3
常德津市仓库,国网湖南物资公司永州周转库,421.3
常德津市仓库,永州零陵仓库,444.3
常德津市仓库,永州东安仓库,426.2
常德津市仓库,永州祁阳仓库,427.3
常德津市仓库,永州双牌仓库,470
常德津市仓库,永州新田仓库,515.1
常德津市仓库,永州道县仓库,526
常德津市仓库,邵阳新宁仓库,422.2
常德津市仓库,永州宁远仓库,524.3
常德津市仓库,永州蓝山仓库,552.6
常德津市仓库,郴州嘉禾仓库,545.1
常德津市仓库,永州江华仓库,623.8
常德津市仓库,永州江永仓库,626
常德津市仓库,国网湖南物资公司长沙周转库,229.2
常德津市仓库,长沙县仓库,251.1
常德津市仓库,长沙望城仓库,218.8
常德津市仓库,长沙宁乡仓库,200
常德津市仓库,国网湖南物资公司株洲周转库,297.8
常德津市仓库,国网湖南物资公司湘潭周转库,272.7
常德津市仓库,湘潭韶山仓库,247.7
常德津市仓库,湘潭县仓库,283.8
常德津市仓库,国网湖南物资公司益阳周转库,166
常德津市仓库,湘潭湘乡仓库,268
常德津市仓库,长沙浏阳仓库,310.4
常德津市仓库,株洲醴陵仓库,340.4
常德津市仓库,衡阳衡山仓库,358
常德津市仓库,国网湖南物资公司湘西周转库,326.6
常德津市仓库,湘西凤凰仓库,364
常德津市仓库,湘西古丈仓库,296.8
常德津市仓库,怀化麻阳仓库,354.2
常德津市仓库,湘西泸溪仓库,276.9
常德津市仓库,湘西保靖仓库,276.1
常德津市仓库,怀化沅陵仓库,255.3
常德津市仓库,怀化辰溪仓库,305.1
常德津市仓库,湘西永顺仓库,257.6
常德津市仓库,张家界周转库,171.5
常德津市仓库,怀化溆浦仓库,323.2
常德津市仓库,湘西龙山仓库,309.3
常德津市仓库,张家界桑植仓库,225.6
常德津市仓库,国网湖南物资公司郴州周转库,536.2
常德津市仓库,郴州苏仙仓库,532.2
常德津市仓库,郴州北湖仓库,536.6
常德津市仓库,郴州桂阳仓库,524.1
常德津市仓库,郴州资兴仓库,527
常德津市仓库,衡阳耒阳仓库,452.3
常德津市仓库,郴州安仁仓库,451.7
常德津市仓库,株洲茶陵仓库,454.9
常德津市仓库,株洲炎陵仓库,497.5
常德津市仓库,衡阳常宁仓库,430.8
常德津市仓库,郴州桂东仓库,566.2
常德津市仓库,国网湖南物资公司衡阳周转库,383.2
常德津市仓库,株洲攸县仓库,420.3
常德津市仓库,衡阳衡东仓库,375.5
常德津市仓库,国网湖南物资公司怀化周转库,363.9
常德津市仓库,国网怀化中方芙蓉路仓库,361.9
常德津市仓库,怀化芷江仓库,401
常德津市仓库,怀化洪江市仓库,411.6
常德津市仓库,怀化洪江区仓库,415.1
常德津市仓库,邵阳洞口仓库,400.8
常德津市仓库,怀化会同仓库,450
常德津市仓库,怀化新晃仓库,455.8
常德津市仓库,怀化靖州仓库,488.7
常德津市仓库,邵阳武冈仓库,425
常德津市仓库,邵阳绥宁仓库,489.7
常德津市仓库,怀化通道仓库,551.7
常德津市仓库,邵阳城步仓库,477.8
常德津市仓库,国网湖南物资公司岳阳周转库,170.7
常德津市仓库,岳阳云溪仓库,169.5
常德津市仓库,岳阳君山仓库,155.5
常德津市仓库,岳阳临湘仓库,209.9
常德津市仓库,岳阳县仓库,214.1
常德津市仓库,岳阳华容仓库,100.5
常德津市仓库,岳阳汨罗仓库,243.5
常德津市仓库,岳阳湘阴仓库,220.4
常德津市仓库,岳阳平江仓库,292.8
张家界慈利仓库,益阳沅江仓库,180.5
张家界慈利仓库,常德澧县仓库,82.9
张家界慈利仓库,国网湖南物资公司常德石门仓库,38.7
张家界慈利仓库,益阳南县仓库,152.8
张家界慈利仓库,益阳安化仓库,205.2
张家界慈利仓库,永州冷水滩仓库,409.8
张家界慈利仓库,国网湖南物资公司永州周转库,426.9
张家界慈利仓库,永州零陵仓库,449.8
张家界慈利仓库,永州东安仓库,431.8
张家界慈利仓库,永州祁阳仓库,432.9
张家界慈利仓库,永州双牌仓库,475.6
张家界慈利仓库,永州新田仓库,520.6
张家界慈利仓库,永州道县仓库,531.6
张家界慈利仓库,邵阳新宁仓库,427.8
张家界慈利仓库,永州宁远仓库,529.9
张家界慈利仓库,永州蓝山仓库,558.1
张家界慈利仓库,郴州嘉禾仓库,557
张家界慈利仓库,永州江华仓库,629.4
张家界慈利仓库,永州江永仓库,631.5
张家界慈利仓库,国网湖南物资公司长沙周转库,243
张家界慈利仓库,长沙县仓库,265.9
张家界慈利仓库,长沙望城仓库,233.7
张家界慈利仓库,长沙宁乡仓库,209.7
张家界慈利仓库,国网湖南物资公司株洲周转库,314
张家界慈利仓库,国网湖南物资公司湘潭周转库,287.4
张家界慈利仓库,湘潭韶山仓库,257.3
张家界慈利仓库,湘潭县仓库,295.7
张家界慈利仓库,国网湖南物资公司益阳周转库,175.9
张家界慈利仓库,湘潭湘乡仓库,277.7
张家界慈利仓库,长沙浏阳仓库,325.2
张家界慈利仓库,株洲醴陵仓库,352.3
张家界慈利仓库,衡阳衡山仓库,369.9
张家界慈利仓库,国网湖南物资公司湘西周转库,250.8
张家界慈利仓库,湘西凤凰仓库,292.5
张家界慈利仓库,湘西古丈仓库,204.9
张家界慈利仓库,怀化麻阳仓库,314.1
张家界慈利仓库,湘西泸溪仓库,256.8
张家界慈利仓库,湘西保靖仓库,184.2
张家界慈利仓库,怀化沅陵仓库,235.3
张家界慈利仓库,怀化辰溪仓库,285.1
张家界慈利仓库,湘西永顺仓库,165.7
张家界慈利仓库,张家界周转库,79.7
张家界慈利仓库,怀化溆浦仓库,306.6
张家界慈利仓库,湘西龙山仓库,217.4
张家界慈利仓库,张家界桑植仓库,133.7
张家界慈利仓库,国网湖南物资公司郴州周转库,548.1
张家界慈利仓库,郴州苏仙仓库,544.1
张家界慈利仓库,郴州北湖仓库,548.5
张家界慈利仓库,郴州桂阳仓库,536.1
张家界慈利仓库,郴州资兴仓库,538.9
张家界慈利仓库,衡阳耒阳仓库,464.2
张家界慈利仓库,郴州安仁仓库,463.6
张家界慈利仓库,株洲茶陵仓库,466.8
张家界慈利仓库,株洲炎陵仓库,509.4
张家界慈利仓库,衡阳常宁仓库,440.6
张家界慈利仓库,郴州桂东仓库,578.1
张家界慈利仓库,国网湖南物资公司衡阳周转库,395.1
张家界慈利仓库,株洲攸县仓库,432.2
张家界慈利仓库,衡阳衡东仓库,387.4
张家界慈利仓库,国网湖南物资公司怀化周转库,343.9
张家界慈利仓库,国网怀化中方芙蓉路仓库,341.8
张家界慈利仓库,怀化芷江仓库,380.9
张家界慈利仓库,怀化洪江市仓库,391.6
张家界慈利仓库,怀化洪江区仓库,395
张家界慈利仓库,邵阳洞口仓库,406.3
张家界慈利仓库,怀化会同仓库,430
张家界慈利仓库,怀化新晃仓库,401.3
张家界慈利仓库,怀化靖州仓库,468.6
张家界慈利仓库,邵阳武冈仓库,430.5
张家界慈利仓库,邵阳绥宁仓库,495.3
张家界慈利仓库,怀化通道仓库,533.7
张家界慈利仓库,邵阳城步仓库,483.3
张家界慈利仓库,国网湖南物资公司岳阳周转库,245.5
张家界慈利仓库,岳阳云溪仓库,244.3
张家界慈利仓库,岳阳君山仓库,230.3
张家界慈利仓库,岳阳临湘仓库,284.7
张家界慈利仓库,岳阳县仓库,295.5
张家界慈利仓库,岳阳华容仓库,175.3
张家界慈利仓库,岳阳汨罗仓库,258.5
张家界慈利仓库,岳阳湘阴仓库,235.4
张家界慈利仓库,岳阳平江仓库,307.8
益阳沅江仓库,常德澧县仓库,155.2
益阳沅江仓库,国网湖南物资公司常德石门仓库,186.7
益阳沅江仓库,益阳南县仓库,71.5
益阳沅江仓库,益阳安化仓库,168.9
益阳沅江仓库,永州冷水滩仓库,343.7
益阳沅江仓库,国网湖南物资公司永州周转库,360.7
益阳沅江仓库,永州零陵仓库,368.1
益阳沅江仓库,永州东安仓库,365.7
益阳沅江仓库,永州祁阳仓库,318.9
益阳沅江仓库,永州双牌仓库,409.5
益阳沅江仓库,永州新田仓库,401.8
益阳沅江仓库,永州道县仓库,465.5
益阳沅江仓库,邵阳新宁仓库,361.7
益阳沅江仓库,永州宁远仓库,471.1
益阳沅江仓库,永州蓝山仓库,467.1
益阳沅江仓库,郴州嘉禾仓库,424.5
益阳沅江仓库,永州江华仓库,538.4
益阳沅江仓库,永州江永仓库,540.5
益阳沅江仓库,国网湖南物资公司长沙周转库,108.5
益阳沅江仓库,长沙县仓库,130.4
益阳沅江仓库,长沙望城仓库,98.2
益阳沅江仓库,长沙宁乡仓库,77.2
益阳沅江仓库,国网湖南物资公司株洲周转库,177.2
益阳沅江仓库,国网湖南物资公司湘潭周转库,152.1
益阳沅江仓库,湘潭韶山仓库,124.8
益阳沅江仓库,湘潭县仓库,163.2
益阳沅江仓库,国网湖南物资公司益阳周转库,36.8
益阳沅江仓库,湘潭湘乡仓库,145.1
益阳沅江仓库,长沙浏阳仓库,189.8
益阳沅江仓库,株洲醴陵仓库,219.8
益阳沅江仓库,衡阳衡山仓库,237.4
益阳沅江仓库,国网湖南物资公司湘西周转库,320.6
益阳沅江仓库,湘西凤凰仓库,358.1
益阳沅江仓库,湘西古丈仓库,368
益阳沅江仓库,怀化麻阳仓库,348.2
益阳沅江仓库,湘西泸溪仓库,270.9
益阳沅江仓库,湘西保靖仓库,356
益阳沅江仓库,怀化沅陵仓库,249.4
益阳沅江仓库,怀化辰溪仓库,299.2
益阳沅江仓库,湘西永顺仓库,337.5
益阳沅江仓库,张家界周转库,251.5
益阳沅江仓库,怀化溆浦仓库,292.5
益阳沅江仓库,湘西龙山仓库,389.2
益阳沅江仓库,张家界桑植仓库,305.5
益阳沅江仓库,国网湖南物资公司郴州周转库,415.6
益阳沅江仓库,郴州苏仙仓库,411.6
益阳沅江仓库,郴州北湖仓库,416
益阳沅江仓库,郴州桂阳仓库,403.5
益阳沅江仓库,郴州资兴仓库,406.4
益阳沅江仓库,衡阳耒阳仓库,331.7
益阳沅江仓库,郴州安仁仓库,331.1
益阳沅江仓库,株洲茶陵仓库,334.2
益阳沅江仓库,株洲炎陵仓库,376.9
益阳沅江仓库,衡阳常宁仓库,321
益阳沅江仓库,郴州桂东仓库,445.6
益阳沅江仓库,国网湖南物资公司衡阳周转库,262.5
益阳沅江仓库,株洲攸县仓库,299.6
益阳沅江仓库,衡阳衡东仓库,254.9
益阳沅江仓库,国网湖南物资公司怀化周转库,358
益阳沅江仓库,国网怀化中方芙蓉路仓库,355.9
益阳沅江仓库,怀化芷江仓库,395
益阳沅江仓库,怀化洪江市仓库,405.7
益阳沅江仓库,怀化洪江区仓库,409.1
益阳沅江仓库,邵阳洞口仓库,340.2
益阳沅江仓库,怀化会同仓库,444.1
益阳沅江仓库,怀化新晃仓库,449.9
益阳沅江仓库,怀化靖州仓库,482.7
益阳沅江仓库,邵阳武冈仓库,364.4
益阳沅江仓库,邵阳绥宁仓库,429.1
益阳沅江仓库,怀化通道仓库,491.2
益阳沅江仓库,邵阳城步仓库,417.2
益阳沅江仓库,国网湖南物资公司岳阳周转库,171.1
益阳沅江仓库,岳阳云溪仓库,169.9
益阳沅江仓库,岳阳君山仓库,155.8
益阳沅江仓库,岳阳临湘仓库,210.3
益阳沅江仓库,岳阳县仓库,159.8
益阳沅江仓库,岳阳华容仓库,100.9
益阳沅江仓库,岳阳汨罗仓库,122.9
益阳沅江仓库,岳阳湘阴仓库,99.8
益阳沅江仓库,岳阳平江仓库,172.2
常德澧县仓库,国网湖南物资公司常德石门仓库,47.3
常德澧县仓库,益阳南县仓库,93.3
常德澧县仓库,益阳安化仓库,205.2
常德澧县仓库,永州冷水滩仓库,409.8
常德澧县仓库,国网湖南物资公司永州周转库,426.9
常德澧县仓库,永州零陵仓库,449.8
常德澧县仓库,永州东安仓库,431.8
常德澧县仓库,永州祁阳仓库,432.9
常德澧县仓库,永州双牌仓库,475.6
常德澧县仓库,永州新田仓库,520.6
常德澧县仓库,永州道县仓库,531.6
常德澧县仓库,邵阳新宁仓库,427.8
常德澧县仓库,永州宁远仓库,529.9
常德澧县仓库,永州蓝山仓库,558.1
常德澧县仓库,郴州嘉禾仓库,550.6
常德澧县仓库,永州江华仓库,629.4
常德澧县仓库,永州江永仓库,631.5
常德澧县仓库,国网湖南物资公司长沙周转库,234.7
常德澧县仓库,长沙县仓库,256.6
常德澧县仓库,长沙望城仓库,224.4
常德澧县仓库,长沙宁乡仓库,205.6
常德澧县仓库,国网湖南物资公司株洲周转库,303.4
常德澧县仓库,国网湖南物资公司湘潭周转库,278.2
常德澧县仓库,湘潭韶山仓库,253.2
常德澧县仓库,湘潭县仓库,289.3
常德澧县仓库,国网湖南物资公司益阳周转库,171.6
常德澧县仓库,湘潭湘乡仓库,273.6
常德澧县仓库,长沙浏阳仓库,315.9
常德澧县仓库,株洲醴陵仓库,345.9
常德澧县仓库,衡阳衡山仓库,363.6
常德澧县仓库,国网湖南物资公司湘西周转库,332.1
常德澧县仓库,湘西凤凰仓库,369.6
常德澧县仓库,湘西古丈仓库,288.1
常德澧县仓库,怀化麻阳仓库,359.7
常德澧县仓库,湘西泸溪仓库,282.4
常德澧县仓库,湘西保靖仓库,267.4
常德澧县仓库,怀化沅陵仓库,260.9
常德澧县仓库,怀化辰溪仓库,310.7
常德澧县仓库,湘西永顺仓库,248.8
常德澧县仓库,张家界周转库,162.8
常德澧县仓库,怀化溆浦仓库,328.8
常德澧县仓库,湘西龙山仓库,300.5
常德澧县仓库,张家界桑植仓库,216.8
常德澧县仓库,国网湖南物资公司郴州周转库,541.8
常德澧县仓库,郴州苏仙仓库,537.7
常德澧县仓库,郴州北湖仓库,542.2
常德澧县仓库,郴州桂阳仓库,529.7
常德澧县仓库,郴州资兴仓库,532.6
常德澧县仓库,衡阳耒阳仓库,457.8
常德澧县仓库,郴州安仁仓库,457.3
常德澧县仓库,株洲茶陵仓库,460.4
常德澧县仓库,株洲炎陵仓库,503
常德澧县仓库,衡阳常宁仓库,436.3
常德澧县仓库,郴州桂东仓库,571.8
常德澧县仓库,国网湖南物资公司衡阳周转库,388.7
常德澧县仓库,株洲攸县仓库,425.8
常德澧县仓库,衡阳衡东仓库,381.1
常德澧县仓库,国网湖南物资公司怀化周转库,369.5
常德澧县仓库,国网怀化中方芙蓉路仓库,367.4
常德澧县仓库,怀化芷江仓库,406.5
常德澧县仓库,怀化洪江市仓库,417.2
常德澧县仓库,怀化洪江区仓库,420.7
常德澧县仓库,邵阳洞口仓库,406.3
常德澧县仓库,怀化会同仓库,455.6
常德澧县仓库,怀化新晃仓库,461.4
常德澧县仓库,怀化靖州仓库,494.2
常德澧县仓库,邵阳武冈仓库,430.5
常德澧县仓库,邵阳绥宁仓库,495.3
常德澧县仓库,怀化通道仓库,557.3
常德澧县仓库,邵阳城步仓库,483.3
常德澧县仓库,国网湖南物资公司岳阳周转库,191.1
常德澧县仓库,岳阳云溪仓库,189.9
常德澧县仓库,岳阳君山仓库,175.9
常德澧县仓库,岳阳临湘仓库,230.3
常德澧县仓库,岳阳县仓库,234.4
常德澧县仓库,岳阳华容仓库,115.8
常德澧县仓库,岳阳汨罗仓库,249.1
常德澧县仓库,岳阳湘阴仓库,226
常德澧县仓库,岳阳平江仓库,298.3
国网湖南物资公司常德石门仓库,益阳南县仓库,124.6
国网湖南物资公司常德石门仓库,益阳安化仓库,213.6
国网湖南物资公司常德石门仓库,永州冷水滩仓库,418.2
国网湖南物资公司常德石门仓库,国网湖南物资公司永州周转库,435.3
国网湖南物资公司常德石门仓库,永州零陵仓库,458.2
国网湖南物资公司常德石门仓库,永州东安仓库,440.2
国网湖南物资公司常德石门仓库,永州祁阳仓库,441.3
国网湖南物资公司常德石门仓库,永州双牌仓库,484
国网湖南物资公司常德石门仓库,永州新田仓库,529
国网湖南物资公司常德石门仓库,永州道县仓库,540
国网湖南物资公司常德石门仓库,邵阳新宁仓库,436.2
国网湖南物资公司常德石门仓库,永州宁远仓库,538.3
国网湖南物资公司常德石门仓库,永州蓝山仓库,566.5
国网湖南物资公司常德石门仓库,郴州嘉禾仓库,582.1
国网湖南物资公司常德石门仓库,永州江华仓库,637.8
国网湖南物资公司常德石门仓库,永州江永仓库,639.9
国网湖南物资公司常德石门仓库,国网湖南物资公司长沙周转库,266.2
国网湖南物资公司常德石门仓库,长沙县仓库,288.1
国网湖南物资公司常德石门仓库,长沙望城仓库,255.9
国网湖南物资公司常德石门仓库,长沙宁乡仓库,218.1
国网湖南物资公司常德石门仓库,国网湖南物资公司株洲周转库,334.9
国网湖南物资公司常德石门仓库,国网湖南物资公司湘潭周转库,309.7
国网湖南物资公司常德石门仓库,湘潭韶山仓库,265.7
国网湖南物资公司常德石门仓库,湘潭县仓库,320.8
国网湖南物资公司常德石门仓库,国网湖南物资公司益阳周转库,184.3
国网湖南物资公司常德石门仓库,湘潭湘乡仓库,286
国网湖南物资公司常德石门仓库,长沙浏阳仓库,347.4
国网湖南物资公司常德石门仓库,株洲醴陵仓库,377.4
国网湖南物资公司常德石门仓库,衡阳衡山仓库,395.1
国网湖南物资公司常德石门仓库,国网湖南物资公司湘西周转库,289.2
国网湖南物资公司常德石门仓库,湘西凤凰仓库,330.9
国网湖南物资公司常德石门仓库,湘西古丈仓库,243.4
国网湖南物资公司常德石门仓库,怀化麻阳仓库,352.6
国网湖南物资公司常德石门仓库,湘西泸溪仓库,265.2
国网湖南物资公司常德石门仓库,湘西保靖仓库,222.7
国网湖南物资公司常德石门仓库,怀化沅陵仓库,243.7
国网湖南物资公司常德石门仓库,怀化辰溪仓库,293.5
国网湖南物资公司常德石门仓库,湘西永顺仓库,204.1
国网湖南物资公司常德石门仓库,张家界周转库,118.1
国网湖南物资公司常德石门仓库,怀化溆浦仓库,315
国网湖南物资公司常德石门仓库,湘西龙山仓库,255.8
国网湖南物资公司常德石门仓库,张家界桑植仓库,172.1
国网湖南物资公司常德石门仓库,国网湖南物资公司郴州周转库,573.2
国网湖南物资公司常德石门仓库,郴州苏仙仓库,569.2
国网湖南物资公司常德石门仓库,郴州北湖仓库,573.7
国网湖南物资公司常德石门仓库,郴州桂阳仓库,561.2
国网湖南物资公司常德石门仓库,郴州资兴仓库,564.1
国网湖南物资公司常德石门仓库,衡阳耒阳仓库,489.3
国网湖南物资公司常德石门仓库,郴州安仁仓库,488.8
国网湖南物资公司常德石门仓库,株洲茶陵仓库,491.9
国网湖南物资公司常德石门仓库,株洲炎陵仓库,534.5
国网湖南物资公司常德石门仓库,衡阳常宁仓库,449
国网湖南物资公司常德石门仓库,郴州桂东仓库,603.2
国网湖南物资公司常德石门仓库,国网湖南物资公司衡阳周转库,420.2
国网湖南物资公司常德石门仓库,株洲攸县仓库,457.3
国网湖南物资公司常德石门仓库,衡阳衡东仓库,412.6
国网湖南物资公司常德石门仓库,国网湖南物资公司怀化周转库,352.3
国网湖南物资公司常德石门仓库,国网怀化中方芙蓉路仓库,350.2
国网湖南物资公司常德石门仓库,怀化芷江仓库,389.3
国网湖南物资公司常德石门仓库,怀化洪江市仓库,400
国网湖南物资公司常德石门仓库,怀化洪江区仓库,403.4
国网湖南物资公司常德石门仓库,邵阳洞口仓库,414.7
国网湖南物资公司常德石门仓库,怀化会同仓库,438.4
国网湖南物资公司常德石门仓库,怀化新晃仓库,444.2
国网湖南物资公司常德石门仓库,怀化靖州仓库,477
国网湖南物资公司常德石门仓库,邵阳武冈仓库,438.9
国网湖南物资公司常德石门仓库,邵阳绥宁仓库,503.7
国网湖南物资公司常德石门仓库,怀化通道仓库,542.1
国网湖南物资公司常德石门仓库,邵阳城步仓库,491.7
国网湖南物资公司常德石门仓库,国网湖南物资公司岳阳周转库,217.3
国网湖南物资公司常德石门仓库,岳阳云溪仓库,216.1
国网湖南物资公司常德石门仓库,岳阳君山仓库,202.1
国网湖南物资公司常德石门仓库,岳阳临湘仓库,256.5
国网湖南物资公司常德石门仓库,岳阳县仓库,260.6
国网湖南物资公司常德石门仓库,岳阳华容仓库,147.1
国网湖南物资公司常德石门仓库,岳阳汨罗仓库,280.5
国网湖南物资公司常德石门仓库,岳阳湘阴仓库,257.4
国网湖南物资公司常德石门仓库,岳阳平江仓库,329.8
益阳南县仓库,益阳安化仓库,220
益阳南县仓库,永州冷水滩仓库,406.7
益阳南县仓库,国网湖南物资公司永州周转库,423.7
益阳南县仓库,永州零陵仓库,431.1
益阳南县仓库,永州东安仓库,428.7
益阳南县仓库,永州祁阳仓库,381.9
益阳南县仓库,永州双牌仓库,472.5
益阳南县仓库,永州新田仓库,472.8
益阳南县仓库,永州道县仓库,528.5
益阳南县仓库,邵阳新宁仓库,424.7
益阳南县仓库,永州宁远仓库,542.1
益阳南县仓库,永州蓝山仓库,538.2
益阳南县仓库,郴州嘉禾仓库,495.5
益阳南县仓库,永州江华仓库,609.4
益阳南县仓库,永州江永仓库,611.6
益阳南县仓库,国网湖南物资公司长沙周转库,179.6
益阳南县仓库,长沙县仓库,201.5
益阳南县仓库,长沙望城仓库,169.2
益阳南县仓库,长沙宁乡仓库,150.3
益阳南县仓库,国网湖南物资公司株洲周转库,248.2
益阳南县仓库,国网湖南物资公司湘潭周转库,223.1
益阳南县仓库,湘潭韶山仓库,197.9
益阳南县仓库,湘潭县仓库,234.2
益阳南县仓库,国网湖南物资公司益阳周转库,116.3
益阳南县仓库,湘潭湘乡仓库,218.2
益阳南县仓库,长沙浏阳仓库,260.8
益阳南县仓库,株洲醴陵仓库,290.8
益阳南县仓库,衡阳衡山仓库,308.4
益阳南县仓库,国网湖南物资公司湘西周转库,346.2
益阳南县仓库,湘西凤凰仓库,383.7
益阳南县仓库,湘西古丈仓库,358
益阳南县仓库,怀化麻阳仓库,373.8
益阳南县仓库,湘西泸溪仓库,296.5
益阳南县仓库,湘西保靖仓库,337.3
益阳南县仓库,怀化沅陵仓库,275
益阳南县仓库,怀化辰溪仓库,324.8
益阳南县仓库,湘西永顺仓库,318.7
益阳南县仓库,张家界周转库,232.7
益阳南县仓库,怀化溆浦仓库,343.6
益阳南县仓库,湘西龙山仓库,370.4
益阳南县仓库,张家界桑植仓库,286.8
益阳南县仓库,国网湖南物资公司郴州周转库,486.6
益阳南县仓库,郴州苏仙仓库,482.6
益阳南县仓库,郴州北湖仓库,487
益阳南县仓库,郴州桂阳仓库,474.6
益阳南县仓库,郴州资兴仓库,477.4
益阳南县仓库,衡阳耒阳仓库,402.7
益阳南县仓库,郴州安仁仓库,402.1
益阳南县仓库,株洲茶陵仓库,405.3
益阳南县仓库,株洲炎陵仓库,447.9
益阳南县仓库,衡阳常宁仓库,381
益阳南县仓库,郴州桂东仓库,516.6
益阳南县仓库,国网湖南物资公司衡阳周转库,333.6
益阳南县仓库,株洲攸县仓库,370.7
益阳南县仓库,衡阳衡东仓库,325.9
益阳南县仓库,国网湖南物资公司怀化周转库,383.5
益阳南县仓库,国网怀化中方芙蓉路仓库,381.5
益阳南县仓库,怀化芷江仓库,420.6
益阳南县仓库,怀化洪江市仓库,431.3
益阳南县仓库,怀化洪江区仓库,434.7
益阳南县仓库,邵阳洞口仓库,403.2
益阳南县仓库,怀化会同仓库,469.7
益阳南县仓库,怀化新晃仓库,475.5
益阳南县仓库,怀化靖州仓库,508.3
益阳南县仓库,邵阳武冈仓库,427.4
益阳南县仓库,邵阳绥宁仓库,492.1
益阳南县仓库,怀化通道仓库,554.2
益阳南县仓库,邵阳城步仓库,480.2
益阳南县仓库,国网湖南物资公司岳阳周转库,103.8
益阳南县仓库,岳阳云溪仓库,102.7
益阳南县仓库,岳阳君山仓库,88.6
益阳南县仓库,岳阳临湘仓库,143
益阳南县仓库,岳阳县仓库,147.2
益阳南县仓库,岳阳华容仓库,28.4
益阳南县仓库,岳阳汨罗仓库,193.9
益阳南县仓库,岳阳湘阴仓库,170.8
益阳南县仓库,岳阳平江仓库,225.5
益阳安化仓库,永州冷水滩仓库,283.2
益阳安化仓库,国网湖南物资公司永州周转库,300.3
益阳安化仓库,永州零陵仓库,323.2
益阳安化仓库,永州东安仓库,288.2
益阳安化仓库,永州祁阳仓库,306.3
益阳安化仓库,永州双牌仓库,349
益阳安化仓库,永州新田仓库,394
益阳安化仓库,永州道县仓库,405
益阳安化仓库,邵阳新宁仓库,284.4
益阳安化仓库,永州宁远仓库,403.3
益阳安化仓库,永州蓝山仓库,431.5
益阳安化仓库,郴州嘉禾仓库,440.2
益阳安化仓库,永州江华仓库,502.8
益阳安化仓库,永州江永仓库,504.9
益阳安化仓库,国网湖南物资公司长沙周转库,201.6
益阳安化仓库,长沙县仓库,224.5
益阳安化仓库,长沙望城仓库,192.2
益阳安化仓库,长沙宁乡仓库,168.4
益阳安化仓库,国网湖南物资公司株洲周转库,271.3
益阳安化仓库,国网湖南物资公司湘潭周转库,246.1
益阳安化仓库,湘潭韶山仓库,216
益阳安化仓库,湘潭县仓库,257.2
益阳安化仓库,国网湖南物资公司益阳周转库,131.8
益阳安化仓库,湘潭湘乡仓库,236.3
益阳安化仓库,长沙浏阳仓库,283.8
益阳安化仓库,株洲醴陵仓库,313.8
益阳安化仓库,衡阳衡山仓库,331.5
益阳安化仓库,国网湖南物资公司湘西周转库,190.1
益阳安化仓库,湘西凤凰仓库,227.6
益阳安化仓库,湘西古丈仓库,237.5
益阳安化仓库,怀化麻阳仓库,217.7
益阳安化仓库,湘西泸溪仓库,140.4
益阳安化仓库,湘西保靖仓库,274.6
益阳安化仓库,怀化沅陵仓库,118.9
益阳安化仓库,怀化辰溪仓库,168.7
益阳安化仓库,湘西永顺仓库,303.1
益阳安化仓库,张家界周转库,284.1
益阳安化仓库,怀化溆浦仓库,135.9
益阳安化仓库,湘西龙山仓库,363.6
益阳安化仓库,张家界桑植仓库,338.2
益阳安化仓库,国网湖南物资公司郴州周转库,466.8
益阳安化仓库,郴州苏仙仓库,462.8
益阳安化仓库,郴州北湖仓库,467.2
益阳安化仓库,郴州桂阳仓库,435.8
益阳安化仓库,郴州资兴仓库,457.6
益阳安化仓库,衡阳耒阳仓库,378.7
益阳安化仓库,郴州安仁仓库,417
益阳安化仓库,株洲茶陵仓库,420
益阳安化仓库,株洲炎陵仓库,462.6
益阳安化仓库,衡阳常宁仓库,335.8
益阳安化仓库,郴州桂东仓库,531.4
益阳安化仓库,国网湖南物资公司衡阳周转库,294.6
益阳安化仓库,株洲攸县仓库,393.7
益阳安化仓库,衡阳衡东仓库,332.2
益阳安化仓库,国网湖南物资公司怀化周转库,213.4
益阳安化仓库,国网怀化中方芙蓉路仓库,211.4
益阳安化仓库,怀化芷江仓库,250.4
益阳安化仓库,怀化洪江市仓库,261.1
益阳安化仓库,怀化洪江区仓库,264.6
益阳安化仓库,邵阳洞口仓库,227.4
益阳安化仓库,怀化会同仓库,299.5
益阳安化仓库,怀化新晃仓库,305.3
益阳安化仓库,怀化靖州仓库,338.2
益阳安化仓库,邵阳武冈仓库,251.6
益阳安化仓库,邵阳绥宁仓库,316.4
益阳安化仓库,怀化通道仓库,378.4
益阳安化仓库,邵阳城步仓库,304.4
益阳安化仓库,国网湖南物资公司岳阳周转库,280.3
益阳安化仓库,岳阳云溪仓库,278.2
益阳安化仓库,岳阳君山仓库,296.1
益阳安化仓库,岳阳临湘仓库,301.1
益阳安化仓库,岳阳县仓库,254
益阳安化仓库,岳阳华容仓库,241.1
益阳安化仓库,岳阳汨罗仓库,217.1
益阳安化仓库,岳阳湘阴仓库,194
益阳安化仓库,岳阳平江仓库,266.4
永州冷水滩仓库,国网湖南物资公司永州周转库,4.1
永州冷水滩仓库,永州零陵仓库,28.8
永州冷水滩仓库,永州东安仓库,33.3
永州冷水滩仓库,永州祁阳仓库,39.9
永州冷水滩仓库,永州双牌仓库,58.7
永州冷水滩仓库,永州新田仓库,115.3
永州冷水滩仓库,永州道县仓库,114.7
永州冷水滩仓库,邵阳新宁仓库,124.5
永州冷水滩仓库,永州宁远仓库,124.5
永州冷水滩仓库,永州蓝山仓库,152.7
永州冷水滩仓库,郴州嘉禾仓库,161.5
永州冷水滩仓库,永州江华仓库,224
永州冷水滩仓库,永州江永仓库,226.1
永州冷水滩仓库,国网湖南物资公司长沙周转库,308.2
永州冷水滩仓库,长沙县仓库,315.2
永州冷水滩仓库,长沙望城仓库,309.3
永州冷水滩仓库,长沙宁乡仓库,300.7
永州冷水滩仓库,国网湖南物资公司株洲周转库,279.7
永州冷水滩仓库,国网湖南物资公司湘潭周转库,254.7
永州冷水滩仓库,湘潭韶山仓库,253.4
永州冷水滩仓库,湘潭县仓库,249.9
永州冷水滩仓库,国网湖南物资公司益阳周转库,305.8
永州冷水滩仓库,湘潭湘乡仓库,239.2
永州冷水滩仓库,长沙浏阳仓库,368.7
永州冷水滩仓库,株洲醴陵仓库,300.3
永州冷水滩仓库,衡阳衡山仓库,201.8
永州冷水滩仓库,国网湖南物资公司湘西周转库,377.9
永州冷水滩仓库,湘西凤凰仓库,345.2
永州冷水滩仓库,湘西古丈仓库,425.3
永州冷水滩仓库,怀化麻阳仓库,319.1
永州冷水滩仓库,湘西泸溪仓库,365.3
永州冷水滩仓库,湘西保靖仓库,462.3
永州冷水滩仓库,怀化沅陵仓库,363.8
永州冷水滩仓库,怀化辰溪仓库,336.8
永州冷水滩仓库,湘西永顺仓库,490.8
永州冷水滩仓库,张家界周转库,488.5
永州冷水滩仓库,怀化溆浦仓库,282.4
永州冷水滩仓库,湘西龙山仓库,551.3
永州冷水滩仓库,张家界桑植仓库,542.6
永州冷水滩仓库,国网湖南物资公司郴州周转库,236.7
永州冷水滩仓库,郴州苏仙仓库,239.5
永州冷水滩仓库,郴州北湖仓库,236.7
永州冷水滩仓库,郴州桂阳仓库,205.7
永州冷水滩仓库,郴州资兴仓库,249.1
永州冷水滩仓库,衡阳耒阳仓库,158.2
永州冷水滩仓库,郴州安仁仓库,212.8
永州冷水滩仓库,株洲茶陵仓库,238.8
永州冷水滩仓库,株洲炎陵仓库,273.6
永州冷水滩仓库,衡阳常宁仓库,115.3
永州冷水滩仓库,郴州桂东仓库,342.4
永州冷水滩仓库,国网湖南物资公司衡阳周转库,131.5
永州冷水滩仓库,株洲攸县仓库,250.4
永州冷水滩仓库,衡阳衡东仓库,190.4
永州冷水滩仓库,国网湖南物资公司怀化周转库,278.3
永州冷水滩仓库,国网怀化中方芙蓉路仓库,282.4
永州冷水滩仓库,怀化芷江仓库,279.5
永州冷水滩仓库,怀化洪江市仓库,275.7
永州冷水滩仓库,怀化洪江区仓库,279.1
永州冷水滩仓库,邵阳洞口仓库,168
永州冷水滩仓库,怀化会同仓库,319.4
永州冷水滩仓库,怀化新晃仓库,335.2
永州冷水滩仓库,怀化靖州仓库,318.4
永州冷水滩仓库,邵阳武冈仓库,153.3
永州冷水滩仓库,邵阳绥宁仓库,257
永州冷水滩仓库,怀化通道仓库,319
永州冷水滩仓库,邵阳城步仓库,245
永州冷水滩仓库,国网湖南物资公司岳阳周转库,435.2
永州冷水滩仓库,岳阳云溪仓库,433.1
永州冷水滩仓库,岳阳君山仓库,462.2
永州冷水滩仓库,岳阳临湘仓库,456
永州冷水滩仓库,岳阳县仓库,408.9
永州冷水滩仓库,岳阳华容仓库,437.5
永州冷水滩仓库,岳阳汨罗仓库,378.3
永州冷水滩仓库,岳阳湘阴仓库,355.2
永州冷水滩仓库,岳阳平江仓库,408.2
国网湖南物资公司永州周转库,永州零陵仓库,27.1
国网湖南物资公司永州周转库,永州东安仓库,33.6
国网湖南物资公司永州周转库,永州祁阳仓库,36.9
国网湖南物资公司永州周转库,永州双牌仓库,57.1
国网湖南物资公司永州周转库,永州新田仓库,112.3
国网湖南物资公司永州周转库,永州道县仓库,113.1
国网湖南物资公司永州周转库,邵阳新宁仓库,128.5
国网湖南物资公司永州周转库,永州宁远仓库,121.5
国网湖南物资公司永州周转库,永州蓝山仓库,149.7
国网湖南物资公司永州周转库,郴州嘉禾仓库,158.5
国网湖南物资公司永州周转库,永州江华仓库,221
国网湖南物资公司永州周转库,永州江永仓库,223.1
国网湖南物资公司永州周转库,国网湖南物资公司长沙周转库,317.8
国网湖南物资公司永州周转库,长沙县仓库,324.8
国网湖南物资公司永州周转库,长沙望城仓库,318.9
国网湖南物资公司永州周转库,长沙宁乡仓库,304.3
国网湖南物资公司永州周转库,国网湖南物资公司株洲周转库,289.3
国网湖南物资公司永州周转库,国网湖南物资公司湘潭周转库,264.3
国网湖南物资公司永州周转库,湘潭韶山仓库,257.1
国网湖南物资公司永州周转库,湘潭县仓库,259.5
国网湖南物资公司永州周转库,国网湖南物资公司益阳周转库,309.5
国网湖南物资公司永州周转库,湘潭湘乡仓库,242.9
国网湖南物资公司永州周转库,长沙浏阳仓库,378.3
国网湖南物资公司永州周转库,株洲醴陵仓库,309.9
国网湖南物资公司永州周转库,衡阳衡山仓库,211.4
国网湖南物资公司永州周转库,国网湖南物资公司湘西周转库,381.8
国网湖南物资公司永州周转库,湘西凤凰仓库,349.1
国网湖南物资公司永州周转库,湘西古丈仓库,429.2
国网湖南物资公司永州周转库,怀化麻阳仓库,323.1
国网湖南物资公司永州周转库,湘西泸溪仓库,369
国网湖南物资公司永州周转库,湘西保靖仓库,466.3
国网湖南物资公司永州周转库,怀化沅陵仓库,367.5
国网湖南物资公司永州周转库,怀化辰溪仓库,340.5
国网湖南物资公司永州周转库,湘西永顺仓库,494.8
国网湖南物资公司永州周转库,张家界周转库,492.2
国网湖南物资公司永州周转库,怀化溆浦仓库,286.1
国网湖南物资公司永州周转库,湘西龙山仓库,555.3
国网湖南物资公司永州周转库,张家界桑植仓库,546.2
国网湖南物资公司永州周转库,国网湖南物资公司郴州周转库,233.7
国网湖南物资公司永州周转库,郴州苏仙仓库,236.5
国网湖南物资公司永州周转库,郴州北湖仓库,233.7
国网湖南物资公司永州周转库,郴州桂阳仓库,202.7
国网湖南物资公司永州周转库,郴州资兴仓库,246.1
国网湖南物资公司永州周转库,衡阳耒阳仓库,155.2
国网湖南物资公司永州周转库,郴州安仁仓库,209.8
国网湖南物资公司永州周转库,株洲茶陵仓库,235.8
国网湖南物资公司永州周转库,株洲炎陵仓库,270.6
国网湖南物资公司永州周转库,衡阳常宁仓库,112.3
国网湖南物资公司永州周转库,郴州桂东仓库,339.4
国网湖南物资公司永州周转库,国网湖南物资公司衡阳周转库,137.7
国网湖南物资公司永州周转库,株洲攸县仓库,247.4
国网湖南物资公司永州周转库,衡阳衡东仓库,186.1
国网湖南物资公司永州周转库,国网湖南物资公司怀化周转库,282.2
国网湖南物资公司永州周转库,国网怀化中方芙蓉路仓库,286.4
国网湖南物资公司永州周转库,怀化芷江仓库,283.4
国网湖南物资公司永州周转库,怀化洪江市仓库,279.6
国网湖南物资公司永州周转库,怀化洪江区仓库,283.1
国网湖南物资公司永州周转库,邵阳洞口仓库,172
国网湖南物资公司永州周转库,怀化会同仓库,323.3
国网湖南物资公司永州周转库,怀化新晃仓库,339.1
国网湖南物资公司永州周转库,怀化靖州仓库,322.3
国网湖南物资公司永州周转库,邵阳武冈仓库,157.2
国网湖南物资公司永州周转库,邵阳绥宁仓库,260.9
国网湖南物资公司永州周转库,怀化通道仓库,322.9
国网湖南物资公司永州周转库,邵阳城步仓库,249
国网湖南物资公司永州周转库,国网湖南物资公司岳阳周转库,444.8
国网湖南物资公司永州周转库,岳阳云溪仓库,442.7
国网湖南物资公司永州周转库,岳阳君山仓库,471.8
国网湖南物资公司永州周转库,岳阳临湘仓库,465.6
国网湖南物资公司永州周转库,岳阳县仓库,418.5
国网湖南物资公司永州周转库,岳阳华容仓库,441.2
国网湖南物资公司永州周转库,岳阳汨罗仓库,381.4
国网湖南物资公司永州周转库,岳阳湘阴仓库,358.9
国网湖南物资公司永州周转库,岳阳平江仓库,417.8
永州零陵仓库,永州东安仓库,50.5
永州零陵仓库,永州祁阳仓库,49.8
永州零陵仓库,永州双牌仓库,31.6
永州零陵仓库,永州新田仓库,100
永州零陵仓库,永州道县仓库,87.6
永州零陵仓库,邵阳新宁仓库,156
永州零陵仓库,永州宁远仓库,109.2
永州零陵仓库,永州蓝山仓库,136
永州零陵仓库,郴州嘉禾仓库,144.7
永州零陵仓库,永州江华仓库,133.4
永州零陵仓库,永州江永仓库,135.2
永州零陵仓库,国网湖南物资公司长沙周转库,316.7
永州零陵仓库,长沙县仓库,323.7
永州零陵仓库,长沙望城仓库,317.8
永州零陵仓库,长沙宁乡仓库,323.9
永州零陵仓库,国网湖南物资公司株洲周转库,288.1
永州零陵仓库,国网湖南物资公司湘潭周转库,263.1
永州零陵仓库,湘潭韶山仓库,268.5
永州零陵仓库,湘潭县仓库,258.4
永州零陵仓库,国网湖南物资公司益阳周转库,329.3
永州零陵仓库,湘潭湘乡仓库,254.4
永州零陵仓库,长沙浏阳仓库,377.2
永州零陵仓库,株洲醴陵仓库,308.8
永州零陵仓库,衡阳衡山仓库,210.2
永州零陵仓库,国网湖南物资公司湘西周转库,409.3
永州零陵仓库,湘西凤凰仓库,376.6
永州零陵仓库,湘西古丈仓库,456.7
永州零陵仓库,怀化麻阳仓库,350.6
永州零陵仓库,湘西泸溪仓库,405.2
永州零陵仓库,湘西保靖仓库,493.8
永州零陵仓库,怀化沅陵仓库,403.7
永州零陵仓库,怀化辰溪仓库,376.7
永州零陵仓库,湘西永顺仓库,522.3
永州零陵仓库,张家界周转库,528.4
永州零陵仓库,怀化溆浦仓库,322.3
永州零陵仓库,湘西龙山仓库,582.8
永州零陵仓库,张家界桑植仓库,582.4
永州零陵仓库,国网湖南物资公司郴州周转库,220
永州零陵仓库,郴州苏仙仓库,222.8
永州零陵仓库,郴州北湖仓库,219.9
永州零陵仓库,郴州桂阳仓库,188.9
永州零陵仓库,郴州资兴仓库,245
永州零陵仓库,衡阳耒阳仓库,154.1
永州零陵仓库,郴州安仁仓库,208.7
永州零陵仓库,株洲茶陵仓库,234.7
永州零陵仓库,株洲炎陵仓库,269.5
永州零陵仓库,衡阳常宁仓库,111.2
永州零陵仓库,郴州桂东仓库,338.2
永州零陵仓库,国网湖南物资公司衡阳周转库,136.6
永州零陵仓库,株洲攸县仓库,246.2
永州零陵仓库,衡阳衡东仓库,184.9
永州零陵仓库,国网湖南物资公司怀化周转库,309.7
永州零陵仓库,国网怀化中方芙蓉路仓库,313.9
永州零陵仓库,怀化芷江仓库,310.9
永州零陵仓库,怀化洪江市仓库,307.1
永州零陵仓库,怀化洪江区仓库,310.6
永州零陵仓库,邵阳洞口仓库,199.5
永州零陵仓库,怀化会同仓库,350.8
永州零陵仓库,怀化新晃仓库,366.6
永州零陵仓库,怀化靖州仓库,349.9
永州零陵仓库,邵阳武冈仓库,184.7
永州零陵仓库,邵阳绥宁仓库,288.4
永州零陵仓库,怀化通道仓库,340.6
永州零陵仓库,邵阳城步仓库,276.5
永州零陵仓库,国网湖南物资公司岳阳周转库,443.7
永州零陵仓库,岳阳云溪仓库,441.6
永州零陵仓库,岳阳君山仓库,470.7
永州零陵仓库,岳阳临湘仓库,464.5
永州零陵仓库,岳阳县仓库,417.4
永州零陵仓库,岳阳华容仓库,461
永州零陵仓库,岳阳汨罗仓库,380.3
永州零陵仓库,岳阳湘阴仓库,356.2
永州零陵仓库,岳阳平江仓库,416.6
永州东安仓库,永州祁阳仓库,78.1
永州东安仓库,永州双牌仓库,75
永州东安仓库,永州新田仓库,148
永州东安仓库,永州道县仓库,131
永州东安仓库,邵阳新宁仓库,98.8
永州东安仓库,永州宁远仓库,157.3
永州东安仓库,永州蓝山仓库,185.5
永州东安仓库,郴州嘉禾仓库,194.2
永州东安仓库,永州江华仓库,230.9
永州东安仓库,永州江永仓库,233.1
永州东安仓库,国网湖南物资公司长沙周转库,333.4
永州东安仓库,长沙县仓库,340.5
永州东安仓库,长沙望城仓库,334.6
永州东安仓库,长沙宁乡仓库,320.2
永州东安仓库,国网湖南物资公司株洲周转库,304.9
永州东安仓库,国网湖南物资公司湘潭周转库,279.9
永州东安仓库,湘潭韶山仓库,273
永州东安仓库,湘潭县仓库,275.2
永州东安仓库,国网湖南物资公司益阳周转库,325.4
永州东安仓库,湘潭湘乡仓库,258.8
永州东安仓库,长沙浏阳仓库,394
永州东安仓库,株洲醴陵仓库,325.6
永州东安仓库,衡阳衡山仓库,227
永州东安仓库,国网湖南物资公司湘西周转库,352.2
永州东安仓库,湘西凤凰仓库,319.5
永州东安仓库,湘西古丈仓库,399.6
永州东安仓库,怀化麻阳仓库,293.4
永州东安仓库,湘西泸溪仓库,349.8
永州东安仓库,湘西保靖仓库,436.6
永州东安仓库,怀化沅陵仓库,367
永州东安仓库,怀化辰溪仓库,321.2
永州东安仓库,湘西永顺仓库,465.1
永州东安仓库,张家界周转库,508.1
永州东安仓库,怀化溆浦仓库,252.8
永州东安仓库,湘西龙山仓库,525.6
永州东安仓库,张家界桑植仓库,562.1
永州东安仓库,国网湖南物资公司郴州周转库,269.4
永州东安仓库,郴州苏仙仓库,272.2
永州东安仓库,郴州北湖仓库,269.4
永州东安仓库,郴州桂阳仓库,238.4
永州东安仓库,郴州资兴仓库,281.6
永州东安仓库,衡阳耒阳仓库,190.7
永州东安仓库,郴州安仁仓库,245.3
永州东安仓库,株洲茶陵仓库,271.3
永州东安仓库,株洲炎陵仓库,306.2
永州东安仓库,衡阳常宁仓库,147.8
永州东安仓库,郴州桂东仓库,374.9
永州东安仓库,国网湖南物资公司衡阳周转库,156.7
永州东安仓库,株洲攸县仓库,282.9
永州东安仓库,衡阳衡东仓库,215.6
永州东安仓库,国网湖南物资公司怀化周转库,252.6
永州东安仓库,国网怀化中方芙蓉路仓库,256.7
永州东安仓库,怀化芷江仓库,253.8
永州东安仓库,怀化洪江市仓库,250
永州东安仓库,怀化洪江区仓库,253.4
永州东安仓库,邵阳洞口仓库,142.4
永州东安仓库,怀化会同仓库,293.7
永州东安仓库,怀化新晃仓库,309.5
永州东安仓库,怀化靖州仓库,292.7
永州东安仓库,邵阳武冈仓库,127.6
永州东安仓库,邵阳绥宁仓库,231.3
永州东安仓库,怀化通道仓库,293.3
永州东安仓库,邵阳城步仓库,219.3
永州东安仓库,国网湖南物资公司岳阳周转库,461.1
永州东安仓库,岳阳云溪仓库,459
永州东安仓库,岳阳君山仓库,488.1
永州东安仓库,岳阳临湘仓库,481.9
永州东安仓库,岳阳县仓库,434.8
永州东安仓库,岳阳华容仓库,457.1
永州东安仓库,岳阳汨罗仓库,397.9
永州东安仓库,岳阳湘阴仓库,374.8
永州东安仓库,岳阳平江仓库,447.2
永州祁阳仓库,永州双牌仓库,81.1
永州祁阳仓库,永州新田仓库,131
永州祁阳仓库,永州道县仓库,137.1
永州祁阳仓库,邵阳新宁仓库,165.9
永州祁阳仓库,永州宁远仓库,140.3
永州祁阳仓库,永州蓝山仓库,168.5
永州祁阳仓库,郴州嘉禾仓库,177.2
永州祁阳仓库,永州江华仓库,239.8
永州祁阳仓库,永州江永仓库,241.9
永州祁阳仓库,国网湖南物资公司长沙周转库,273.4
永州祁阳仓库,长沙县仓库,280.5
永州祁阳仓库,长沙望城仓库,274.5
永州祁阳仓库,长沙宁乡仓库,280.6
永州祁阳仓库,国网湖南物资公司株洲周转库,244.9
永州祁阳仓库,国网湖南物资公司湘潭周转库,219.9
永州祁阳仓库,湘潭韶山仓库,219.5
永州祁阳仓库,湘潭县仓库,215.2
永州祁阳仓库,国网湖南物资公司益阳周转库,280.4
永州祁阳仓库,湘潭湘乡仓库,205.4
永州祁阳仓库,长沙浏阳仓库,334
永州祁阳仓库,株洲醴陵仓库,265.6
永州祁阳仓库,衡阳衡山仓库,167
永州祁阳仓库,国网湖南物资公司湘西周转库,412.7
永州祁阳仓库,湘西凤凰仓库,380.1
永州祁阳仓库,湘西古丈仓库,460.1
永州祁阳仓库,怀化麻阳仓库,354
永州祁阳仓库,湘西泸溪仓库,388.6
永州祁阳仓库,湘西保靖仓库,497.2
永州祁阳仓库,怀化沅陵仓库,387.1
永州祁阳仓库,怀化辰溪仓库,360.1
永州祁阳仓库,湘西永顺仓库,525.7
永州祁阳仓库,张家界周转库,511.8
永州祁阳仓库,怀化溆浦仓库,305.7
永州祁阳仓库,湘西龙山仓库,586.2
永州祁阳仓库,张家界桑植仓库,565.9
永州祁阳仓库,国网湖南物资公司郴州周转库,229.7
永州祁阳仓库,郴州苏仙仓库,225.6
永州祁阳仓库,郴州北湖仓库,230.1
永州祁阳仓库,郴州桂阳仓库,189
永州祁阳仓库,郴州资兴仓库,220.5
永州祁阳仓库,衡阳耒阳仓库,129.6
永州祁阳仓库,郴州安仁仓库,184.2
永州祁阳仓库,株洲茶陵仓库,210.2
永州祁阳仓库,株洲炎陵仓库,245
永州祁阳仓库,衡阳常宁仓库,73.2
永州祁阳仓库,郴州桂东仓库,313.7
永州祁阳仓库,国网湖南物资公司衡阳周转库,96.7
永州祁阳仓库,株洲攸县仓库,221.7
永州祁阳仓库,衡阳衡东仓库,155.6
永州祁阳仓库,国网湖南物资公司怀化周转库,313.2
永州祁阳仓库,国网怀化中方芙蓉路仓库,317.3
永州祁阳仓库,怀化芷江仓库,314.3
永州祁阳仓库,怀化洪江市仓库,310.5
永州祁阳仓库,怀化洪江区仓库,314
永州祁阳仓库,邵阳洞口仓库,202.9
永州祁阳仓库,怀化会同仓库,354.2
永州祁阳仓库,怀化新晃仓库,370
永州祁阳仓库,怀化靖州仓库,353.3
永州祁阳仓库,邵阳武冈仓库,220.9
永州祁阳仓库,邵阳绥宁仓库,291.8
永州祁阳仓库,怀化通道仓库,353.9
永州祁阳仓库,邵阳城步仓库,279.9
永州祁阳仓库,国网湖南物资公司岳阳周转库,400.5
永州祁阳仓库,岳阳云溪仓库,398.4
永州祁阳仓库,岳阳君山仓库,427.5
永州祁阳仓库,岳阳临湘仓库,421.3
永州祁阳仓库,岳阳县仓库,374.2
永州祁阳仓库,岳阳华容仓库,412
永州祁阳仓库,岳阳汨罗仓库,337.1
永州祁阳仓库,岳阳湘阴仓库,313
永州祁阳仓库,岳阳平江仓库,373.4
永州双牌仓库,永州新田仓库,84.5
永州双牌仓库,永州道县仓库,56.6
永州双牌仓库,邵阳新宁仓库,178.7
永州双牌仓库,永州宁远仓库,93.8
永州双牌仓库,永州蓝山仓库,123.5
永州双牌仓库,郴州嘉禾仓库,132.2
永州双牌仓库,永州江华仓库,102.4
永州双牌仓库,永州江永仓库,104.2
永州双牌仓库,国网湖南物资公司长沙周转库,360.2
永州双牌仓库,长沙县仓库,367.3
永州双牌仓库,长沙望城仓库,361.3
永州双牌仓库,长沙宁乡仓库,367
永州双牌仓库,国网湖南物资公司株洲周转库,331.7
永州双牌仓库,国网湖南物资公司湘潭周转库,306.7
永州双牌仓库,湘潭韶山仓库,312.1
永州双牌仓库,湘潭县仓库,301.9
永州双牌仓库,国网湖南物资公司益阳周转库,372.2
永州双牌仓库,湘潭湘乡仓库,297.9
永州双牌仓库,长沙浏阳仓库,420.7
永州双牌仓库,株洲醴陵仓库,352.4
永州双牌仓库,衡阳衡山仓库,253.8
永州双牌仓库,国网湖南物资公司湘西周转库,432
永州双牌仓库,湘西凤凰仓库,399.3
永州双牌仓库,湘西古丈仓库,479.4
永州双牌仓库,怀化麻阳仓库,373.3
永州双牌仓库,湘西泸溪仓库,429.6
永州双牌仓库,湘西保靖仓库,516.5
永州双牌仓库,怀化沅陵仓库,430.2
永州双牌仓库,怀化辰溪仓库,401.1
永州双牌仓库,湘西永顺仓库,545
永州双牌仓库,张家界周转库,554.9
永州双牌仓库,怀化溆浦仓库,348.8
永州双牌仓库,湘西龙山仓库,605.5
永州双牌仓库,张家界桑植仓库,608.9
永州双牌仓库,国网湖南物资公司郴州周转库,207.5
永州双牌仓库,郴州苏仙仓库,210.3
永州双牌仓库,郴州北湖仓库,207.4
永州双牌仓库,郴州桂阳仓库,176.4
永州双牌仓库,郴州资兴仓库,251.2
永州双牌仓库,衡阳耒阳仓库,197.6
永州双牌仓库,郴州安仁仓库,252.2
永州双牌仓库,株洲茶陵仓库,278.2
永州双牌仓库,株洲炎陵仓库,313.1
永州双牌仓库,衡阳常宁仓库,154.7
永州双牌仓库,郴州桂东仓库,350.7
永州双牌仓库,国网湖南物资公司衡阳周转库,180.1
永州双牌仓库,株洲攸县仓库,289.8
永州双牌仓库,衡阳衡东仓库,228.5
永州双牌仓库,国网湖南物资公司怀化周转库,332.5
永州双牌仓库,国网怀化中方芙蓉路仓库,336.6
永州双牌仓库,怀化芷江仓库,333.6
永州双牌仓库,怀化洪江市仓库,329.8
永州双牌仓库,怀化洪江区仓库,333.3
永州双牌仓库,邵阳洞口仓库,222.2
永州双牌仓库,怀化会同仓库,373.5
永州双牌仓库,怀化新晃仓库,389.3
永州双牌仓库,怀化靖州仓库,372.6
永州双牌仓库,邵阳武冈仓库,207.4
永州双牌仓库,邵阳绥宁仓库,311.1
永州双牌仓库,怀化通道仓库,363.6
永州双牌仓库,邵阳城步仓库,299.2
永州双牌仓库,国网湖南物资公司岳阳周转库,487.2
永州双牌仓库,岳阳云溪仓库,485.1
永州双牌仓库,岳阳君山仓库,514.2
永州双牌仓库,岳阳临湘仓库,508
永州双牌仓库,岳阳县仓库,461
永州双牌仓库,岳阳华容仓库,503.9
永州双牌仓库,岳阳汨罗仓库,423.9
永州双牌仓库,岳阳湘阴仓库,399.7
永州双牌仓库,岳阳平江仓库,460.2
永州新田仓库,永州道县仓库,88.1
永州新田仓库,邵阳新宁仓库,246.6
永州新田仓库,永州宁远仓库,52.8
永州新田仓库,永州蓝山仓库,78
永州新田仓库,郴州嘉禾仓库,42.5
永州新田仓库,永州江华仓库,149.2
永州新田仓库,永州江永仓库,151.4
永州新田仓库,国网湖南物资公司长沙周转库,331.8
永州新田仓库,长沙县仓库,338.9
永州新田仓库,长沙望城仓库,333
永州新田仓库,长沙宁乡仓库,339
永州新田仓库,国网湖南物资公司株洲周转库,303.3
永州新田仓库,国网湖南物资公司湘潭周转库,278.3
永州新田仓库,湘潭韶山仓库,301.5
永州新田仓库,湘潭县仓库,273.6
永州新田仓库,国网湖南物资公司益阳周转库,372.8
永州新田仓库,湘潭湘乡仓库,275.1
永州新田仓库,长沙浏阳仓库,389.4
永州新田仓库,株洲醴陵仓库,319.3
永州新田仓库,衡阳衡山仓库,225.4
永州新田仓库,国网湖南物资公司湘西周转库,500
永州新田仓库,湘西凤凰仓库,467.3
永州新田仓库,湘西古丈仓库,547.4
永州新田仓库,怀化麻阳仓库,441.2
永州新田仓库,湘西泸溪仓库,475.8
永州新田仓库,湘西保靖仓库,584.4
永州新田仓库,怀化沅陵仓库,474.3
永州新田仓库,怀化辰溪仓库,447.3
永州新田仓库,湘西永顺仓库,612.9
永州新田仓库,张家界周转库,599.1
永州新田仓库,怀化溆浦仓库,393
永州新田仓库,湘西龙山仓库,673.4
永州新田仓库,张家界桑植仓库,653.1
永州新田仓库,国网湖南物资公司郴州周转库,110.8
永州新田仓库,郴州苏仙仓库,113.6
永州新田仓库,郴州北湖仓库,110.7
永州新田仓库,郴州桂阳仓库,76.8
永州新田仓库,郴州资兴仓库,145.8
永州新田仓库,衡阳耒阳仓库,140.5
永州新田仓库,郴州安仁仓库,195.1
永州新田仓库,株洲茶陵仓库,221.2
永州新田仓库,株洲炎陵仓库,256
永州新田仓库,衡阳常宁仓库,98.5
永州新田仓库,郴州桂东仓库,261.7
永州新田仓库,国网湖南物资公司衡阳周转库,151.9
永州新田仓库,株洲攸县仓库,232.7
永州新田仓库,衡阳衡东仓库,200.3
永州新田仓库,国网湖南物资公司怀化周转库,400.4
永州新田仓库,国网怀化中方芙蓉路仓库,404.5
永州新田仓库,怀化芷江仓库,401.5
永州新田仓库,怀化洪江市仓库,397.8
永州新田仓库,怀化洪江区仓库,401.2
永州新田仓库,邵阳洞口仓库,290.1
永州新田仓库,怀化会同仓库,441.5
永州新田仓库,怀化新晃仓库,457.2
永州新田仓库,怀化靖州仓库,440.5
永州新田仓库,邵阳武冈仓库,275.3
永州新田仓库,邵阳绥宁仓库,379
永州新田仓库,怀化通道仓库,429.8
永州新田仓库,邵阳城步仓库,367.1
永州新田仓库,国网湖南物资公司岳阳周转库,458.9
永州新田仓库,岳阳云溪仓库,456.8
永州新田仓库,岳阳君山仓库,485.9
永州新田仓库,岳阳临湘仓库,479.7
永州新田仓库,岳阳县仓库,432.6
永州新田仓库,岳阳华容仓库,502.8
永州新田仓库,岳阳汨罗仓库,395.5
永州新田仓库,岳阳湘阴仓库,371.4
永州新田仓库,岳阳平江仓库,442.4
永州道县仓库,邵阳新宁仓库,242
永州道县仓库,永州宁远仓库,39.2
永州道县仓库,永州蓝山仓库,86.5
永州道县仓库,郴州嘉禾仓库,95.1
永州道县仓库,永州江华仓库,46.7
永州道县仓库,永州江永仓库,48.5
永州道县仓库,国网湖南物资公司长沙周转库,439
永州道县仓库,长沙县仓库,446
永州道县仓库,长沙望城仓库,440.1
永州道县仓库,长沙宁乡仓库,446.2
永州道县仓库,国网湖南物资公司株洲周转库,410.4
永州道县仓库,国网湖南物资公司湘潭周转库,385.4
永州道县仓库,湘潭韶山仓库,408.6
永州道县仓库,湘潭县仓库,380.7
永州道县仓库,国网湖南物资公司益阳周转库,428.9
永州道县仓库,湘潭湘乡仓库,382.3
永州道县仓库,长沙浏阳仓库,496.5
永州道县仓库,株洲醴陵仓库,426.4
永州道县仓库,衡阳衡山仓库,332.5
永州道县仓库,国网湖南物资公司湘西周转库,488.7
永州道县仓库,湘西凤凰仓库,456
永州道县仓库,湘西古丈仓库,536.1
永州道县仓库,怀化麻阳仓库,430
永州道县仓库,湘西泸溪仓库,486.3
永州道县仓库,湘西保靖仓库,573.2
永州道县仓库,怀化沅陵仓库,486.9
永州道县仓库,怀化辰溪仓库,457.8
永州道县仓库,湘西永顺仓库,601.7
永州道县仓库,张家界周转库,611.6
永州道县仓库,怀化溆浦仓库,405.5
永州道县仓库,湘西龙山仓库,662.2
永州道县仓库,张家界桑植仓库,665.6
永州道县仓库,国网湖南物资公司郴州周转库,170.3
永州道县仓库,郴州苏仙仓库,173.1
永州道县仓库,郴州北湖仓库,170.3
永州道县仓库,郴州桂阳仓库,139.3
永州道县仓库,郴州资兴仓库,214.1
永州道县仓库,衡阳耒阳仓库,247.6
永州道县仓库,郴州安仁仓库,302.3
永州道县仓库,株洲茶陵仓库,328.3
永州道县仓库,株洲炎陵仓库,363.1
永州道县仓库,衡阳常宁仓库,205.6
永州道县仓库,郴州桂东仓库,313.5
永州道县仓库,国网湖南物资公司衡阳周转库,259
永州道县仓库,株洲攸县仓库,339.8
永州道县仓库,衡阳衡东仓库,307.4
永州道县仓库,国网湖南物资公司怀化周转库,389.1
永州道县仓库,国网怀化中方芙蓉路仓库,393.3
永州道县仓库,怀化芷江仓库,390.3
永州道县仓库,怀化洪江市仓库,386.5
永州道县仓库,怀化洪江区仓库,390
永州道县仓库,邵阳洞口仓库,278.9
永州道县仓库,怀化会同仓库,423.1
永州道县仓库,怀化新晃仓库,446
永州道县仓库,怀化靖州仓库,395.5
永州道县仓库,邵阳武冈仓库,285.8
永州道县仓库,邵阳绥宁仓库,359.8
永州道县仓库,怀化通道仓库,327.4
永州道县仓库,邵阳城步仓库,342.5
永州道县仓库,国网湖南物资公司岳阳周转库,566
永州道县仓库,岳阳云溪仓库,563.9
永州道县仓库,岳阳君山仓库,593
永州道县仓库,岳阳临湘仓库,586.8
永州道县仓库,岳阳县仓库,539.7
永州道县仓库,岳阳华容仓库,560.6
永州道县仓库,岳阳汨罗仓库,502.6
永州道县仓库,岳阳湘阴仓库,478.5
永州道县仓库,岳阳平江仓库,549.6
邵阳新宁仓库,永州宁远仓库,255.1
邵阳新宁仓库,永州蓝山仓库,283.3
邵阳新宁仓库,郴州嘉禾仓库,292
邵阳新宁仓库,永州江华仓库,271.4
邵阳新宁仓库,永州江永仓库,273.5
邵阳新宁仓库,国网湖南物资公司长沙周转库,335.5
邵阳新宁仓库,长沙县仓库,353.3
邵阳新宁仓库,长沙望城仓库,347.3
邵阳新宁仓库,长沙宁乡仓库,319.3
邵阳新宁仓库,国网湖南物资公司株洲周转库,337.4
邵阳新宁仓库,国网湖南物资公司湘潭周转库,316.7
邵阳新宁仓库,湘潭韶山仓库,272
邵阳新宁仓库,湘潭县仓库,307.5
邵阳新宁仓库,国网湖南物资公司益阳周转库,324.5
邵阳新宁仓库,湘潭湘乡仓库,257.9
邵阳新宁仓库,长沙浏阳仓库,406.7
邵阳新宁仓库,株洲醴陵仓库,358.1
邵阳新宁仓库,衡阳衡山仓库,300.4
邵阳新宁仓库,国网湖南物资公司湘西周转库,309.2
邵阳新宁仓库,湘西凤凰仓库,276.5
邵阳新宁仓库,湘西古丈仓库,356.6
邵阳新宁仓库,怀化麻阳仓库,250.4
邵阳新宁仓库,湘西泸溪仓库,306.8
邵阳新宁仓库,湘西保靖仓库,393.6
邵阳新宁仓库,怀化沅陵仓库,342.8
邵阳新宁仓库,怀化辰溪仓库,278.2
邵阳新宁仓库,湘西永顺仓库,422.1
邵阳新宁仓库,张家界周转库,471.3
邵阳新宁仓库,怀化溆浦仓库,209.8
邵阳新宁仓库,湘西龙山仓库,482.6
邵阳新宁仓库,张家界桑植仓库,509.5
邵阳新宁仓库,国网湖南物资公司郴州周转库,367.3
邵阳新宁仓库,郴州苏仙仓库,370.1
邵阳新宁仓库,郴州北湖仓库,367.2
邵阳新宁仓库,郴州桂阳仓库,336.2
邵阳新宁仓库,郴州资兴仓库,379.5
邵阳新宁仓库,衡阳耒阳仓库,288.6
邵阳新宁仓库,郴州安仁仓库,343.2
邵阳新宁仓库,株洲茶陵仓库,369.2
邵阳新宁仓库,株洲炎陵仓库,404
邵阳新宁仓库,衡阳常宁仓库,245.7
邵阳新宁仓库,郴州桂东仓库,472.7
邵阳新宁仓库,国网湖南物资公司衡阳周转库,243.9
邵阳新宁仓库,株洲攸县仓库,352.8
邵阳新宁仓库,衡阳衡东仓库,289
邵阳新宁仓库,国网湖南物资公司怀化周转库,209.6
邵阳新宁仓库,国网怀化中方芙蓉路仓库,213.7
邵阳新宁仓库,怀化芷江仓库,210.8
邵阳新宁仓库,怀化洪江市仓库,207
邵阳新宁仓库,怀化洪江区仓库,210.4
邵阳新宁仓库,邵阳洞口仓库,99.3
邵阳新宁仓库,怀化会同仓库,222.7
邵阳新宁仓库,怀化新晃仓库,266.5
邵阳新宁仓库,怀化靖州仓库,195.1
邵阳新宁仓库,邵阳武冈仓库,50.1
邵阳新宁仓库,邵阳绥宁仓库,133.7
邵阳新宁仓库,怀化通道仓库,195.7
邵阳新宁仓库,邵阳城步仓库,121.7
邵阳新宁仓库,国网湖南物资公司岳阳周转库,460.2
邵阳新宁仓库,岳阳云溪仓库,458.1
邵阳新宁仓库,岳阳君山仓库,487.2
邵阳新宁仓库,岳阳临湘仓库,480.9
邵阳新宁仓库,岳阳县仓库,433.9
邵阳新宁仓库,岳阳华容仓库,456.2
邵阳新宁仓库,岳阳汨罗仓库,397
邵阳新宁仓库,岳阳湘阴仓库,373.9
邵阳新宁仓库,岳阳平江仓库,446.2
永州宁远仓库,永州蓝山仓库,42.8
永州宁远仓库,郴州嘉禾仓库,57.6
永州宁远仓库,永州江华仓库,84.5
永州宁远仓库,永州江永仓库,86.6
永州宁远仓库,国网湖南物资公司长沙周转库,401.5
永州宁远仓库,长沙县仓库,408.6
永州宁远仓库,长沙望城仓库,402.6
永州宁远仓库,长沙宁乡仓库,408.7
永州宁远仓库,国网湖南物资公司株洲周转库,373
永州宁远仓库,国网湖南物资公司湘潭周转库,348
永州宁远仓库,湘潭韶山仓库,371.2
永州宁远仓库,湘潭县仓库,343.2
永州宁远仓库,国网湖南物资公司益阳周转库,413.4
永州宁远仓库,湘潭湘乡仓库,338.4
永州宁远仓库,长沙浏阳仓库,459
永州宁远仓库,株洲醴陵仓库,388.9
永州宁远仓库,衡阳衡山仓库,295.1
永州宁远仓库,国网湖南物资公司湘西周转库,513.5
永州宁远仓库,湘西凤凰仓库,480.8
永州宁远仓库,湘西古丈仓库,560.9
永州宁远仓库,怀化麻阳仓库,454.7
永州宁远仓库,湘西泸溪仓库,489.4
永州宁远仓库,湘西保靖仓库,598
永州宁远仓库,怀化沅陵仓库,487.9
永州宁远仓库,怀化辰溪仓库,460.9
永州宁远仓库,湘西永顺仓库,626.5
永州宁远仓库,张家界周转库,612.6
永州宁远仓库,怀化溆浦仓库,406.5
永州宁远仓库,湘西龙山仓库,687
永州宁远仓库,张家界桑植仓库,666.6
永州宁远仓库,国网湖南物资公司郴州周转库,132.8
永州宁远仓库,郴州苏仙仓库,135.6
永州宁远仓库,郴州北湖仓库,132.8
永州宁远仓库,郴州桂阳仓库,101.8
永州宁远仓库,郴州资兴仓库,176.6
永州宁远仓库,衡阳耒阳仓库,210.2
永州宁远仓库,郴州安仁仓库,264.8
永州宁远仓库,株洲茶陵仓库,290.8
永州宁远仓库,株洲炎陵仓库,325.6
永州宁远仓库,衡阳常宁仓库,168.2
永州宁远仓库,郴州桂东仓库,276.1
永州宁远仓库,国网湖南物资公司衡阳周转库,221.6
永州宁远仓库,株洲攸县仓库,302.4
永州宁远仓库,衡阳衡东仓库,270
永州宁远仓库,国网湖南物资公司怀化周转库,413.9
永州宁远仓库,国网怀化中方芙蓉路仓库,418.1
永州宁远仓库,怀化芷江仓库,415.1
永州宁远仓库,怀化洪江市仓库,411.3
永州宁远仓库,怀化洪江区仓库,414.8
永州宁远仓库,邵阳洞口仓库,303.7
永州宁远仓库,怀化会同仓库,460.8
永州宁远仓库,怀化新晃仓库,470.8
永州宁远仓库,怀化靖州仓库,433.2
永州宁远仓库,邵阳武冈仓库,323.5
永州宁远仓库,邵阳绥宁仓库,397.5
永州宁远仓库,怀化通道仓库,365.1
永州宁远仓库,邵阳城步仓库,380.2
永州宁远仓库,国网湖南物资公司岳阳周转库,528.6
永州宁远仓库,岳阳云溪仓库,526.4
永州宁远仓库,岳阳君山仓库,555.5
永州宁远仓库,岳阳临湘仓库,549.3
永州宁远仓库,岳阳县仓库,502.3
永州宁远仓库,岳阳华容仓库,545.1
永州宁远仓库,岳阳汨罗仓库,465.2
永州宁远仓库,岳阳湘阴仓库,441.1
永州宁远仓库,岳阳平江仓库,512.1
永州蓝山仓库,郴州嘉禾仓库,43.1
永州蓝山仓库,永州江华仓库,116
永州蓝山仓库,永州江永仓库,118.2
永州蓝山仓库,国网湖南物资公司长沙周转库,396
永州蓝山仓库,长沙县仓库,403.1
永州蓝山仓库,长沙望城仓库,397.1
永州蓝山仓库,长沙宁乡仓库,403.2
永州蓝山仓库,国网湖南物资公司株洲周转库,367.5
永州蓝山仓库,国网湖南物资公司湘潭周转库,342.5
永州蓝山仓库,湘潭韶山仓库,365.7
永州蓝山仓库,湘潭县仓库,337.7
永州蓝山仓库,国网湖南物资公司益阳周转库,436.8
永州蓝山仓库,湘潭湘乡仓库,339.3
永州蓝山仓库,长沙浏阳仓库,453.6
永州蓝山仓库,株洲醴陵仓库,383.5
永州蓝山仓库,衡阳衡山仓库,289.6
永州蓝山仓库,国网湖南物资公司湘西周转库,536.8
永州蓝山仓库,湘西凤凰仓库,504.2
永州蓝山仓库,湘西古丈仓库,584.2
永州蓝山仓库,怀化麻阳仓库,478.1
永州蓝山仓库,湘西泸溪仓库,512.7
永州蓝山仓库,湘西保靖仓库,621.3
永州蓝山仓库,怀化沅陵仓库,511.2
永州蓝山仓库,怀化辰溪仓库,484.2
永州蓝山仓库,湘西永顺仓库,649.8
永州蓝山仓库,张家界周转库,635.9
永州蓝山仓库,怀化溆浦仓库,429.8
永州蓝山仓库,湘西龙山仓库,710.3
永州蓝山仓库,张家界桑植仓库,690
永州蓝山仓库,国网湖南物资公司郴州周转库,127.4
永州蓝山仓库,郴州苏仙仓库,130.2
永州蓝山仓库,郴州北湖仓库,127.3
永州蓝山仓库,郴州桂阳仓库,84.9
永州蓝山仓库,郴州资兴仓库,171.1
永州蓝山仓库,衡阳耒阳仓库,204.7
永州蓝山仓库,郴州安仁仓库,259.3
永州蓝山仓库,株洲茶陵仓库,285.3
永州蓝山仓库,株洲炎陵仓库,320.1
永州蓝山仓库,衡阳常宁仓库,162.7
永州蓝山仓库,郴州桂东仓库,270.6
永州蓝山仓库,国网湖南物资公司衡阳周转库,216.1
永州蓝山仓库,株洲攸县仓库,296.9
永州蓝山仓库,衡阳衡东仓库,264.5
永州蓝山仓库,国网湖南物资公司怀化周转库,437.3
永州蓝山仓库,国网怀化中方芙蓉路仓库,441.4
永州蓝山仓库,怀化芷江仓库,438.4
永州蓝山仓库,怀化洪江市仓库,434.6
永州蓝山仓库,怀化洪江区仓库,438.1
永州蓝山仓库,邵阳洞口仓库,327
永州蓝山仓库,怀化会同仓库,478.3
永州蓝山仓库,怀化新晃仓库,494.1
永州蓝山仓库,怀化靖州仓库,464.7
永州蓝山仓库,邵阳武冈仓库,312.2
永州蓝山仓库,邵阳绥宁仓库,415.9
永州蓝山仓库,怀化通道仓库,396.6
永州蓝山仓库,邵阳城步仓库,404
永州蓝山仓库,国网湖南物资公司岳阳周转库,523.1
永州蓝山仓库,岳阳云溪仓库,521
永州蓝山仓库,岳阳君山仓库,550.1
永州蓝山仓库,岳阳临湘仓库,543.8
永州蓝山仓库,岳阳县仓库,496.8
永州蓝山仓库,岳阳华容仓库,568.4
永州蓝山仓库,岳阳汨罗仓库,459.7
永州蓝山仓库,岳阳湘阴仓库,435.6
永州蓝山仓库,岳阳平江仓库,506.6
郴州嘉禾仓库,永州江华仓库,124
郴州嘉禾仓库,永州江永仓库,126.2
郴州嘉禾仓库,国网湖南物资公司长沙周转库,354.9
郴州嘉禾仓库,长沙县仓库,361.9
郴州嘉禾仓库,长沙望城仓库,356
郴州嘉禾仓库,长沙宁乡仓库,362.1
郴州嘉禾仓库,国网湖南物资公司株洲周转库,326.3
郴州嘉禾仓库,国网湖南物资公司湘潭周转库,301.3
郴州嘉禾仓库,湘潭韶山仓库,324.5
郴州嘉禾仓库,湘潭县仓库,296.6
郴州嘉禾仓库,国网湖南物资公司益阳周转库,395.8
郴州嘉禾仓库,湘潭湘乡仓库,298.2
郴州嘉禾仓库,长沙浏阳仓库,412.4
郴州嘉禾仓库,株洲醴陵仓库,342.3
郴州嘉禾仓库,衡阳衡山仓库,248.4
郴州嘉禾仓库,国网湖南物资公司湘西周转库,545.1
郴州嘉禾仓库,湘西凤凰仓库,512.4
郴州嘉禾仓库,湘西古丈仓库,592.5
郴州嘉禾仓库,怀化麻阳仓库,486.4
郴州嘉禾仓库,湘西泸溪仓库,521
郴州嘉禾仓库,湘西保靖仓库,629.6
郴州嘉禾仓库,怀化沅陵仓库,519.5
郴州嘉禾仓库,怀化辰溪仓库,492.5
郴州嘉禾仓库,湘西永顺仓库,658.1
郴州嘉禾仓库,张家界周转库,644.2
郴州嘉禾仓库,怀化溆浦仓库,438.1
郴州嘉禾仓库,湘西龙山仓库,718.6
郴州嘉禾仓库,张家界桑植仓库,698.2
郴州嘉禾仓库,国网湖南物资公司郴州周转库,86.2
郴州嘉禾仓库,郴州苏仙仓库,89
郴州嘉禾仓库,郴州北湖仓库,86.1
郴州嘉禾仓库,郴州桂阳仓库,49.9
郴州嘉禾仓库,郴州资兴仓库,130
郴州嘉禾仓库,衡阳耒阳仓库,163.5
郴州嘉禾仓库,郴州安仁仓库,218.2
郴州嘉禾仓库,株洲茶陵仓库,244.2
郴州嘉禾仓库,株洲炎陵仓库,279
郴州嘉禾仓库,衡阳常宁仓库,121.5
郴州嘉禾仓库,郴州桂东仓库,229.4
郴州嘉禾仓库,国网湖南物资公司衡阳周转库,174.9
郴州嘉禾仓库,株洲攸县仓库,255.7
郴州嘉禾仓库,衡阳衡东仓库,223.3
郴州嘉禾仓库,国网湖南物资公司怀化周转库,445.5
郴州嘉禾仓库,国网怀化中方芙蓉路仓库,449.7
郴州嘉禾仓库,怀化芷江仓库,446.7
郴州嘉禾仓库,怀化洪江市仓库,442.9
郴州嘉禾仓库,怀化洪江区仓库,446.4
郴州嘉禾仓库,邵阳洞口仓库,335.3
郴州嘉禾仓库,怀化会同仓库,486.6
郴州嘉禾仓库,怀化新晃仓库,502.4
郴州嘉禾仓库,怀化靖州仓库,472.8
郴州嘉禾仓库,邵阳武冈仓库,320.5
郴州嘉禾仓库,邵阳绥宁仓库,424.2
郴州嘉禾仓库,怀化通道仓库,404.7
郴州嘉禾仓库,邵阳城步仓库,412.3
郴州嘉禾仓库,国网湖南物资公司岳阳周转库,481.9
郴州嘉禾仓库,岳阳云溪仓库,479.8
郴州嘉禾仓库,岳阳君山仓库,508.9
郴州嘉禾仓库,岳阳临湘仓库,502.7
郴州嘉禾仓库,岳阳县仓库,455.6
郴州嘉禾仓库,岳阳华容仓库,525.8
郴州嘉禾仓库,岳阳汨罗仓库,418.5
郴州嘉禾仓库,岳阳湘阴仓库,394.4
郴州嘉禾仓库,岳阳平江仓库,465.5
永州江华仓库,永州江永仓库,35.1
永州江华仓库,国网湖南物资公司长沙周转库,467
永州江华仓库,长沙县仓库,474.1
永州江华仓库,长沙望城仓库,468.1
永州江华仓库,长沙宁乡仓库,474.2
永州江华仓库,国网湖南物资公司株洲周转库,438.5
永州江华仓库,国网湖南物资公司湘潭周转库,413.5
永州江华仓库,湘潭韶山仓库,436.7
永州江华仓库,湘潭县仓库,408.7
永州江华仓库,国网湖南物资公司益阳周转库,507.8
永州江华仓库,湘潭湘乡仓库,410.3
永州江华仓库,长沙浏阳仓库,524.5
永州江华仓库,株洲醴陵仓库,454.4
永州江华仓库,衡阳衡山仓库,360.6
永州江华仓库,国网湖南物资公司湘西周转库,564.5
永州江华仓库,湘西凤凰仓库,531.8
永州江华仓库,湘西古丈仓库,611.9
永州江华仓库,怀化麻阳仓库,505.7
永州江华仓库,湘西泸溪仓库,562.1
永州江华仓库,湘西保靖仓库,649
永州江华仓库,怀化沅陵仓库,582.3
永州江华仓库,怀化辰溪仓库,533.6
永州江华仓库,湘西永顺仓库,677.5
永州江华仓库,张家界周转库,707
永州江华仓库,怀化溆浦仓库,500.9
永州江华仓库,湘西龙山仓库,738
永州江华仓库,张家界桑植仓库,761.1
永州江华仓库,国网湖南物资公司郴州周转库,198.3
永州江华仓库,郴州苏仙仓库,201.1
永州江华仓库,郴州北湖仓库,198.3
永州江华仓库,郴州桂阳仓库,167.3
永州江华仓库,郴州资兴仓库,242.1
永州江华仓库,衡阳耒阳仓库,275.7
永州江华仓库,郴州安仁仓库,330.3
永州江华仓库,株洲茶陵仓库,356.3
永州江华仓库,株洲炎陵仓库,391.1
永州江华仓库,衡阳常宁仓库,233.7
永州江华仓库,郴州桂东仓库,341.5
永州江华仓库,国网湖南物资公司衡阳周转库,287.1
永州江华仓库,株洲攸县仓库,367.8
永州江华仓库,衡阳衡东仓库,335.4
永州江华仓库,国网湖南物资公司怀化周转库,464.9
永州江华仓库,国网怀化中方芙蓉路仓库,469.1
永州江华仓库,怀化芷江仓库,466.1
永州江华仓库,怀化洪江市仓库,462.3
永州江华仓库,怀化洪江区仓库,465.8
永州江华仓库,邵阳洞口仓库,354.7
永州江华仓库,怀化会同仓库,452.3
永州江华仓库,怀化新晃仓库,521.8
永州江华仓库,怀化靖州仓库,424.7
永州江华仓库,邵阳武冈仓库,315
永州江华仓库,邵阳绥宁仓库,389
永州江华仓库,怀化通道仓库,356.6
永州江华仓库,邵阳城步仓库,371.7
永州江华仓库,国网湖南物资公司岳阳周转库,594.1
永州江华仓库,岳阳云溪仓库,591.9
永州江华仓库,岳阳君山仓库,621
永州江华仓库,岳阳临湘仓库,614.8
永州江华仓库,岳阳县仓库,567.8
永州江华仓库,岳阳华容仓库,639.5
永州江华仓库,岳阳汨罗仓库,530.7
永州江华仓库,岳阳湘阴仓库,506.5
永州江华仓库,岳阳平江仓库,577.6
永州江永仓库,国网湖南物资公司长沙周转库,469.4
永州江永仓库,长沙县仓库,476.5
永州江永仓库,长沙望城仓库,470.6
永州江永仓库,长沙宁乡仓库,476.6
永州江永仓库,国网湖南物资公司株洲周转库,440.9
永州江永仓库,国网湖南物资公司湘潭周转库,415.9
永州江永仓库,湘潭韶山仓库,439.1
永州江永仓库,湘潭县仓库,411.2
永州江永仓库,国网湖南物资公司益阳周转库,510.3
永州江永仓库,湘潭湘乡仓库,412.7
永州江永仓库,长沙浏阳仓库,527
永州江永仓库,株洲醴陵仓库,456.9
永州江永仓库,衡阳衡山仓库,363
永州江永仓库,国网湖南物资公司湘西周转库,566.9
永州江永仓库,湘西凤凰仓库,534.2
永州江永仓库,湘西古丈仓库,614.3
永州江永仓库,怀化麻阳仓库,508.2
永州江永仓库,湘西泸溪仓库,564.5
永州江永仓库,湘西保靖仓库,651.4
永州江永仓库,怀化沅陵仓库,584.8
永州江永仓库,怀化辰溪仓库,536
永州江永仓库,湘西永顺仓库,679.9
永州江永仓库,张家界周转库,709.5
永州江永仓库,怀化溆浦仓库,503.4
永州江永仓库,湘西龙山仓库,740.4
永州江永仓库,张家界桑植仓库,763.5
永州江永仓库,国网湖南物资公司郴州周转库,200.8
永州江永仓库,郴州苏仙仓库,203.6
永州江永仓库,郴州北湖仓库,200.7
永州江永仓库,郴州桂阳仓库,169.7
永州江永仓库,郴州资兴仓库,244.5
永州江永仓库,衡阳耒阳仓库,278.1
永州江永仓库,郴州安仁仓库,332.7
永州江永仓库,株洲茶陵仓库,358.8
永州江永仓库,株洲炎陵仓库,393.6
永州江永仓库,衡阳常宁仓库,236.1
永州江永仓库,郴州桂东仓库,344
永州江永仓库,国网湖南物资公司衡阳周转库,289.5
永州江永仓库,株洲攸县仓库,370.3
永州江永仓库,衡阳衡东仓库,337.9
永州江永仓库,国网湖南物资公司怀化周转库,467.3
永州江永仓库,国网怀化中方芙蓉路仓库,471.5
永州江永仓库,怀化芷江仓库,468.5
永州江永仓库,怀化洪江市仓库,464.7
永州江永仓库,怀化洪江区仓库,468.2
永州江永仓库,邵阳洞口仓库,357.1
永州江永仓库,怀化会同仓库,454.8
永州江永仓库,怀化新晃仓库,524.2
永州江永仓库,怀化靖州仓库,427.2
永州江永仓库,邵阳武冈仓库,317.5
永州江永仓库,邵阳绥宁仓库,391.4
永州江永仓库,怀化通道仓库,359.1
永州江永仓库,邵阳城步仓库,374.2
永州江永仓库,国网湖南物资公司岳阳周转库,596.5
永州江永仓库,岳阳云溪仓库,594.4
永州江永仓库,岳阳君山仓库,623.5
永州江永仓库,岳阳临湘仓库,617.3
永州江永仓库,岳阳县仓库,570.2
永州江永仓库,岳阳华容仓库,641.9
永州江永仓库,岳阳汨罗仓库,533.1
永州江永仓库,岳阳湘阴仓库,509
永州江永仓库,岳阳平江仓库,580
国网湖南物资公司长沙周转库,长沙县仓库,16.3
国网湖南物资公司长沙周转库,长沙望城仓库,26.4
国网湖南物资公司长沙周转库,长沙宁乡仓库,45.4
国网湖南物资公司长沙周转库,国网湖南物资公司株洲周转库,74.2
国网湖南物资公司长沙周转库,国网湖南物资公司湘潭周转库,52.7
国网湖南物资公司长沙周转库,湘潭韶山仓库,67.6
国网湖南物资公司长沙周转库,湘潭县仓库,70.8
国网湖南物资公司长沙周转库,国网湖南物资公司益阳周转库,79.2
国网湖南物资公司长沙周转库,湘潭湘乡仓库,99.9
国网湖南物资公司长沙周转库,长沙浏阳仓库,76.3
国网湖南物资公司长沙周转库,株洲醴陵仓库,108.2
国网湖南物资公司长沙周转库,衡阳衡山仓库,137.2
国网湖南物资公司长沙周转库,国网湖南物资公司湘西周转库,375
国网湖南物资公司长沙周转库,湘西凤凰仓库,412.5
国网湖南物资公司长沙周转库,湘西古丈仓库,422.4
国网湖南物资公司长沙周转库,怀化麻阳仓库,370.6
国网湖南物资公司长沙周转库,湘西泸溪仓库,325.3
国网湖南物资公司长沙周转库,湘西保靖仓库,424.9
国网湖南物资公司长沙周转库,怀化沅陵仓库,303.8
国网湖南物资公司长沙周转库,怀化辰溪仓库,333.2
国网湖南物资公司长沙周转库,湘西永顺仓库,406.3
国网湖南物资公司长沙周转库,张家界周转库,320.3
国网湖南物资公司长沙周转库,怀化溆浦仓库,278.8
国网湖南物资公司长沙周转库,湘西龙山仓库,458
国网湖南物资公司长沙周转库,张家界桑植仓库,374.3
国网湖南物资公司长沙周转库,国网湖南物资公司郴州周转库,315.4
国网湖南物资公司长沙周转库,郴州苏仙仓库,311.3
国网湖南物资公司长沙周转库,郴州北湖仓库,315.8
国网湖南物资公司长沙周转库,郴州桂阳仓库,332.5
国网湖南物资公司长沙周转库,郴州资兴仓库,306.2
国网湖南物资公司长沙周转库,衡阳耒阳仓库,231.5
国网湖南物资公司长沙周转库,郴州安仁仓库,219.5
国网湖南物资公司长沙周转库,株洲茶陵仓库,222.7
国网湖南物资公司长沙周转库,株洲炎陵仓库,265.3
国网湖南物资公司长沙周转库,衡阳常宁仓库,249.9
国网湖南物资公司长沙周转库,郴州桂东仓库,334
国网湖南物资公司长沙周转库,国网湖南物资公司衡阳周转库,191.5
国网湖南物资公司长沙周转库,株洲攸县仓库,188.1
国网湖南物资公司长沙周转库,衡阳衡东仓库,154.7
国网湖南物资公司长沙周转库,国网湖南物资公司怀化周转库,356.4
国网湖南物资公司长沙周转库,国网怀化中方芙蓉路仓库,354.3
国网湖南物资公司长沙周转库,怀化芷江仓库,393.4
国网湖南物资公司长沙周转库,怀化洪江市仓库,404.1
国网湖南物资公司长沙周转库,怀化洪江区仓库,407.5
国网湖南物资公司长沙周转库,邵阳洞口仓库,323.5
国网湖南物资公司长沙周转库,怀化会同仓库,442.5
国网湖南物资公司长沙周转库,怀化新晃仓库,448.3
国网湖南物资公司长沙周转库,怀化靖州仓库,473.8
国网湖南物资公司长沙周转库,邵阳武冈仓库,347.7
国网湖南物资公司长沙周转库,邵阳绥宁仓库,412.4
国网湖南物资公司长沙周转库,怀化通道仓库,474.4
国网湖南物资公司长沙周转库,邵阳城步仓库,400.5
国网湖南物资公司长沙周转库,国网湖南物资公司岳阳周转库,165.4
国网湖南物资公司长沙周转库,岳阳云溪仓库,163.2
国网湖南物资公司长沙周转库,岳阳君山仓库,192.3
国网湖南物资公司长沙周转库,岳阳临湘仓库,167.7
国网湖南物资公司长沙周转库,岳阳县仓库,139.1
国网湖南物资公司长沙周转库,岳阳华容仓库,209.7
国网湖南物资公司长沙周转库,岳阳汨罗仓库,77.4
国网湖南物资公司长沙周转库,岳阳湘阴仓库,60.5
国网湖南物资公司长沙周转库,岳阳平江仓库,116
长沙县仓库,长沙望城仓库,35.6
长沙县仓库,长沙宁乡仓库,65
长沙县仓库,国网湖南物资公司株洲周转库,63.1
长沙县仓库,国网湖南物资公司湘潭周转库,60.3
长沙县仓库,湘潭韶山仓库,96
长沙县仓库,湘潭县仓库,65.8
长沙县仓库,国网湖南物资公司益阳周转库,102.3
长沙县仓库,湘潭湘乡仓库,107
长沙县仓库,长沙浏阳仓库,63.2
长沙县仓库,株洲醴陵仓库,95.1
长沙县仓库,衡阳衡山仓库,132.2
长沙县仓库,国网湖南物资公司湘西周转库,398.1
长沙县仓库,湘西凤凰仓库,435.6
长沙县仓库,湘西古丈仓库,445.5
长沙县仓库,怀化麻阳仓库,400.5
长沙县仓库,湘西泸溪仓库,348.4
长沙县仓库,湘西保靖仓库,447.9
长沙县仓库,怀化沅陵仓库,326.9
长沙县仓库,怀化辰溪仓库,363.1
长沙县仓库,湘西永顺仓库,429.3
长沙县仓库,张家界周转库,343.3
长沙县仓库,怀化溆浦仓库,308.7
长沙县仓库,湘西龙山仓库,481
长沙县仓库,张家界桑植仓库,397.3
长沙县仓库,国网湖南物资公司郴州周转库,310.4
长沙县仓库,郴州苏仙仓库,306.3
长沙县仓库,郴州北湖仓库,310.8
长沙县仓库,郴州桂阳仓库,310.8
长沙县仓库,郴州资兴仓库,301.2
长沙县仓库,衡阳耒阳仓库,226.4
长沙县仓库,郴州安仁仓库,206.5
长沙县仓库,株洲茶陵仓库,209.6
长沙县仓库,株洲炎陵仓库,252.2
长沙县仓库,衡阳常宁仓库,256.3
长沙县仓库,郴州桂东仓库,320.9
长沙县仓库,国网湖南物资公司衡阳周转库,189.3
长沙县仓库,株洲攸县仓库,175
长沙县仓库,衡阳衡东仓库,149.7
长沙县仓库,国网湖南物资公司怀化周转库,386.3
长沙县仓库,国网怀化中方芙蓉路仓库,384.2
长沙县仓库,怀化芷江仓库,423.3
长沙县仓库,怀化洪江市仓库,438.2
长沙县仓库,怀化洪江区仓库,441.7
长沙县仓库,邵阳洞口仓库,330.6
长沙县仓库,怀化会同仓库,481.9
长沙县仓库,怀化新晃仓库,478.2
长沙县仓库,怀化靖州仓库,481
长沙县仓库,邵阳武冈仓库,354.8
长沙县仓库,邵阳绥宁仓库,419.5
长沙县仓库,怀化通道仓库,481.5
长沙县仓库,邵阳城步仓库,407.6
长沙县仓库,国网湖南物资公司岳阳周转库,139.7
长沙县仓库,岳阳云溪仓库,137.6
长沙县仓库,岳阳君山仓库,166.7
长沙县仓库,岳阳临湘仓库,153.4
长沙县仓库,岳阳县仓库,117.9
长沙县仓库,岳阳华容仓库,221
长沙县仓库,岳阳汨罗仓库,87.5
长沙县仓库,岳阳湘阴仓库,63.9
长沙县仓库,岳阳平江仓库,104
长沙望城仓库,长沙宁乡仓库,36.7
长沙望城仓库,国网湖南物资公司株洲周转库,99.1
长沙望城仓库,国网湖南物资公司湘潭周转库,71.1
长沙望城仓库,湘潭韶山仓库,86.4
长沙望城仓库,湘潭县仓库,83
长沙望城仓库,国网湖南物资公司益阳周转库,70.6
长沙望城仓库,湘潭湘乡仓库,108.7
长沙望城仓库,长沙浏阳仓库,99.8
长沙望城仓库,株洲醴陵仓库,131.1
长沙望城仓库,衡阳衡山仓库,159.2
长沙望城仓库,国网湖南物资公司湘西周转库,366.4
长沙望城仓库,湘西凤凰仓库,403.8
长沙望城仓库,湘西古丈仓库,413.7
长沙望城仓库,怀化麻阳仓库,389.4
长沙望城仓库,湘西泸溪仓库,316.7
长沙望城仓库,湘西保靖仓库,416.1
长沙望城仓库,怀化沅陵仓库,295.2
长沙望城仓库,怀化辰溪仓库,345
长沙望城仓库,湘西永顺仓库,397.6
长沙望城仓库,张家界周转库,311.6
长沙望城仓库,怀化溆浦仓库,297.6
长沙望城仓库,湘西龙山仓库,449.3
长沙望城仓库,张家界桑植仓库,365.6
长沙望城仓库,国网湖南物资公司郴州周转库,337.4
长沙望城仓库,郴州苏仙仓库,333.4
长沙望城仓库,郴州北湖仓库,337.8
长沙望城仓库,郴州桂阳仓库,341.2
长沙望城仓库,郴州资兴仓库,328.2
长沙望城仓库,衡阳耒阳仓库,253.5
长沙望城仓库,郴州安仁仓库,242.4
长沙望城仓库,株洲茶陵仓库,245.6
长沙望城仓库,株洲炎陵仓库,288.2
长沙望城仓库,衡阳常宁仓库,258.7
长沙望城仓库,郴州桂东仓库,356.9
长沙望城仓库,国网湖南物资公司衡阳周转库,200.2
长沙望城仓库,株洲攸县仓库,211
长沙望城仓库,衡阳衡东仓库,176.8
长沙望城仓库,国网湖南物资公司怀化周转库,375.2
长沙望城仓库,国网怀化中方芙蓉路仓库,373.1
长沙望城仓库,怀化芷江仓库,412.2
长沙望城仓库,怀化洪江市仓库,422.9
长沙望城仓库,怀化洪江区仓库,426.4
长沙望城仓库,邵阳洞口仓库,332.2
长沙望城仓库,怀化会同仓库,461.3
长沙望城仓库,怀化新晃仓库,467.1
长沙望城仓库,怀化靖州仓库,482.6
长沙望城仓库,邵阳武冈仓库,356.4
长沙望城仓库,邵阳绥宁仓库,421.1
长沙望城仓库,怀化通道仓库,483.2
长沙望城仓库,邵阳城步仓库,409.2
长沙望城仓库,国网湖南物资公司岳阳周转库,135.8
长沙望城仓库,岳阳云溪仓库,133.6
长沙望城仓库,岳阳君山仓库,162.7
长沙望城仓库,岳阳临湘仓库,156.5
长沙望城仓库,岳阳县仓库,109.5
长沙望城仓库,岳阳华容仓库,197.6
长沙望城仓库,岳阳汨罗仓库,64
长沙望城仓库,岳阳湘阴仓库,46.6
长沙望城仓库,岳阳平江仓库,121.7
长沙宁乡仓库,国网湖南物资公司株洲周转库,116.4
长沙宁乡仓库,国网湖南物资公司湘潭周转库,89.9
长沙宁乡仓库,湘潭韶山仓库,55.7
长沙宁乡仓库,湘潭县仓库,98.1
长沙宁乡仓库,国网湖南物资公司益阳周转库,41.4
长沙宁乡仓库,湘潭湘乡仓库,76
长沙宁乡仓库,长沙浏阳仓库,134.2
长沙宁乡仓库,株洲醴陵仓库,154.8
长沙宁乡仓库,衡阳衡山仓库,172.4
长沙宁乡仓库,国网湖南物资公司湘西周转库,342.6
长沙宁乡仓库,湘西凤凰仓库,380
长沙宁乡仓库,湘西古丈仓库,389.9
长沙宁乡仓库,怀化麻阳仓库,358.9
长沙宁乡仓库,湘西泸溪仓库,292.9
长沙宁乡仓库,湘西保靖仓库,392.5
长沙宁乡仓库,怀化沅陵仓库,271.4
长沙宁乡仓库,怀化辰溪仓库,321.2
长沙宁乡仓库,湘西永顺仓库,373.9
长沙宁乡仓库,张家界周转库,287.9
长沙宁乡仓库,怀化溆浦仓库,267.2
长沙宁乡仓库,湘西龙山仓库,425.6
长沙宁乡仓库,张家界桑植仓库,341.9
长沙宁乡仓库,国网湖南物资公司郴州周转库,350.6
长沙宁乡仓库,郴州苏仙仓库,346.5
长沙宁乡仓库,郴州北湖仓库,351
长沙宁乡仓库,郴州桂阳仓库,338.5
长沙宁乡仓库,郴州资兴仓库,341.4
长沙宁乡仓库,衡阳耒阳仓库,266.7
长沙宁乡仓库,郴州安仁仓库,266.1
长沙宁乡仓库,株洲茶陵仓库,269.2
长沙宁乡仓库,株洲炎陵仓库,311.8
长沙宁乡仓库,衡阳常宁仓库,255.9
长沙宁乡仓库,郴州桂东仓库,380.6
长沙宁乡仓库,国网湖南物资公司衡阳周转库,197.5
长沙宁乡仓库,株洲攸县仓库,234.6
长沙宁乡仓库,衡阳衡东仓库,189.9
长沙宁乡仓库,国网湖南物资公司怀化周转库,344.7
长沙宁乡仓库,国网怀化中方芙蓉路仓库,342.7
长沙宁乡仓库,怀化芷江仓库,381.7
长沙宁乡仓库,怀化洪江市仓库,392.4
长沙宁乡仓库,怀化洪江区仓库,395.9
长沙宁乡仓库,邵阳洞口仓库,296.6
长沙宁乡仓库,怀化会同仓库,430.8
长沙宁乡仓库,怀化新晃仓库,436.6
长沙宁乡仓库,怀化靖州仓库,446.9
长沙宁乡仓库,邵阳武冈仓库,320.7
长沙宁乡仓库,邵阳绥宁仓库,385.5
长沙宁乡仓库,怀化通道仓库,447.5
长沙宁乡仓库,邵阳城步仓库,373.5
长沙宁乡仓库,国网湖南物资公司岳阳周转库,160
长沙宁乡仓库,岳阳云溪仓库,157.9
长沙宁乡仓库,岳阳君山仓库,187
长沙宁乡仓库,岳阳临湘仓库,180.8
长沙宁乡仓库,岳阳县仓库,133.7
长沙宁乡仓库,岳阳华容仓库,179
长沙宁乡仓库,岳阳汨罗仓库,108.8
长沙宁乡仓库,岳阳湘阴仓库,85.7
长沙宁乡仓库,岳阳平江仓库,158.1
国网湖南物资公司株洲周转库,国网湖南物资公司湘潭周转库,26.4
国网湖南物资公司株洲周转库,湘潭韶山仓库,75.6
国网湖南物资公司株洲周转库,湘潭县仓库,21.1
国网湖南物资公司株洲周转库,国网湖南物资公司益阳周转库,147
国网湖南物资公司株洲周转库,湘潭湘乡仓库,86.6
国网湖南物资公司株洲周转库,长沙浏阳仓库,76.8
国网湖南物资公司株洲周转库,株洲醴陵仓库,50.9
国网湖南物资公司株洲周转库,衡阳衡山仓库,85
国网湖南物资公司株洲周转库,国网湖南物资公司湘西周转库,442.8
国网湖南物资公司株洲周转库,湘西凤凰仓库,456.9
国网湖南物资公司株洲周转库,湘西古丈仓库,490.1
国网湖南物资公司株洲周转库,怀化麻阳仓库,406.1
国网湖南物资公司株洲周转库,湘西泸溪仓库,397.3
国网湖南物资公司株洲周转库,湘西保靖仓库,492.6
国网湖南物资公司株洲周转库,怀化沅陵仓库,371.5
国网湖南物资公司株洲周转库,怀化辰溪仓库,368.7
国网湖南物资公司株洲周转库,湘西永顺仓库,474.1
国网湖南物资公司株洲周转库,张家界周转库,388.1
国网湖南物资公司株洲周转库,怀化溆浦仓库,314.4
国网湖南物资公司株洲周转库,湘西龙山仓库,525.8
国网湖南物资公司株洲周转库,张家界桑植仓库,442.1
国网湖南物资公司株洲周转库,国网湖南物资公司郴州周转库,263.2
国网湖南物资公司株洲周转库,郴州苏仙仓库,259.2
国网湖南物资公司株洲周转库,郴州北湖仓库,263.6
国网湖南物资公司株洲周转库,郴州桂阳仓库,263.7
国网湖南物资公司株洲周转库,郴州资兴仓库,254
国网湖南物资公司株洲周转库,衡阳耒阳仓库,179.3
国网湖南物资公司株洲周转库,郴州安仁仓库,161.3
国网湖南物资公司株洲周转库,株洲茶陵仓库,164.5
国网湖南物资公司株洲周转库,株洲炎陵仓库,207.1
国网湖南物资公司株洲周转库,衡阳常宁仓库,209.2
国网湖南物资公司株洲周转库,郴州桂东仓库,275.8
国网湖南物资公司株洲周转库,国网湖南物资公司衡阳周转库,142.1
国网湖南物资公司株洲周转库,株洲攸县仓库,129.9
国网湖南物资公司株洲周转库,衡阳衡东仓库,102.5
国网湖南物资公司株洲周转库,国网湖南物资公司怀化周转库,391.9
国网湖南物资公司株洲周转库,国网怀化中方芙蓉路仓库,389.9
国网湖南物资公司株洲周转库,怀化芷江仓库,425.6
国网湖南物资公司株洲周转库,怀化洪江市仓库,421.8
国网湖南物资公司株洲周转库,怀化洪江区仓库,425.3
国网湖南物资公司株洲周转库,邵阳洞口仓库,314.2
国网湖南物资公司株洲周转库,怀化会同仓库,465.6
国网湖南物资公司株洲周转库,怀化新晃仓库,481.3
国网湖南物资公司株洲周转库,怀化靖州仓库,464.6
国网湖南物资公司株洲周转库,邵阳武冈仓库,338.4
国网湖南物资公司株洲周转库,邵阳绥宁仓库,403.1
国网湖南物资公司株洲周转库,怀化通道仓库,465.2
国网湖南物资公司株洲周转库,邵阳城步仓库,391.2
国网湖南物资公司株洲周转库,国网湖南物资公司岳阳周转库,193.8
国网湖南物资公司株洲周转库,岳阳云溪仓库,191.7
国网湖南物资公司株洲周转库,岳阳君山仓库,220.8
国网湖南物资公司株洲周转库,岳阳临湘仓库,207.6
国网湖南物资公司株洲周转库,岳阳县仓库,172
国网湖南物资公司株洲周转库,岳阳华容仓库,276.2
国网湖南物资公司株洲周转库,岳阳汨罗仓库,141.6
国网湖南物资公司株洲周转库,岳阳湘阴仓库,145.5
国网湖南物资公司株洲周转库,岳阳平江仓库,141.5
国网湖南物资公司湘潭周转库,湘潭韶山仓库,54.9
国网湖南物资公司湘潭周转库,湘潭县仓库,7
国网湖南物资公司湘潭周转库,国网湖南物资公司益阳周转库,123.7
国网湖南物资公司湘潭周转库,湘潭湘乡仓库,52
国网湖南物资公司湘潭周转库,长沙浏阳仓库,113.9
国网湖南物资公司湘潭周转库,株洲醴陵仓库,82
国网湖南物资公司湘潭周转库,衡阳衡山仓库,88.5
国网湖南物资公司湘潭周转库,国网湖南物资公司湘西周转库,419.5
国网湖南物资公司湘潭周转库,湘西凤凰仓库,436.3
国网湖南物资公司湘潭周转库,湘西古丈仓库,466.8
国网湖南物资公司湘潭周转库,怀化麻阳仓库,385.5
国网湖南物资公司湘潭周转库,湘西泸溪仓库,369.7
国网湖南物资公司湘潭周转库,湘西保靖仓库,469.2
国网湖南物资公司湘潭周转库,怀化沅陵仓库,348.2
国网湖南物资公司湘潭周转库,怀化辰溪仓库,348.1
国网湖南物资公司湘潭周转库,湘西永顺仓库,450.6
国网湖南物资公司湘潭周转库,张家界周转库,364.6
国网湖南物资公司湘潭周转库,怀化溆浦仓库,293.8
国网湖南物资公司湘潭周转库,湘西龙山仓库,502.4
国网湖南物资公司湘潭周转库,张家界桑植仓库,418.7
国网湖南物资公司湘潭周转库,国网湖南物资公司郴州周转库,266.7
国网湖南物资公司湘潭周转库,郴州苏仙仓库,262.7
国网湖南物资公司湘潭周转库,郴州北湖仓库,267.1
国网湖南物资公司湘潭周转库,郴州桂阳仓库,267.2
国网湖南物资公司湘潭周转库,郴州资兴仓库,257.5
国网湖南物资公司湘潭周转库,衡阳耒阳仓库,182.8
国网湖南物资公司湘潭周转库,郴州安仁仓库,186.9
国网湖南物资公司湘潭周转库,株洲茶陵仓库,190
国网湖南物资公司湘潭周转库,株洲炎陵仓库,232.7
国网湖南物资公司湘潭周转库,衡阳常宁仓库,197.5
国网湖南物资公司湘潭周转库,郴州桂东仓库,301.4
国网湖南物资公司湘潭周转库,国网湖南物资公司衡阳周转库,145.6
国网湖南物资公司湘潭周转库,株洲攸县仓库,155.4
国网湖南物资公司湘潭周转库,衡阳衡东仓库,106.1
国网湖南物资公司湘潭周转库,国网湖南物资公司怀化周转库,371.3
国网湖南物资公司湘潭周转库,国网怀化中方芙蓉路仓库,369.3
国网湖南物资公司湘潭周转库,怀化芷江仓库,400.9
国网湖南物资公司湘潭周转库,怀化洪江市仓库,397.1
国网湖南物资公司湘潭周转库,怀化洪江区仓库,400.6
国网湖南物资公司湘潭周转库,邵阳洞口仓库,289.5
国网湖南物资公司湘潭周转库,怀化会同仓库,440.8
国网湖南物资公司湘潭周转库,怀化新晃仓库,456.6
国网湖南物资公司湘潭周转库,怀化靖州仓库,439.9
国网湖南物资公司湘潭周转库,邵阳武冈仓库,313.7
国网湖南物资公司湘潭周转库,邵阳绥宁仓库,378.4
国网湖南物资公司湘潭周转库,怀化通道仓库,440.5
国网湖南物资公司湘潭周转库,邵阳城步仓库,366.5
国网湖南物资公司湘潭周转库,国网湖南物资公司岳阳周转库,193
国网湖南物资公司湘潭周转库,岳阳云溪仓库,190.9
国网湖南物资公司湘潭周转库,岳阳君山仓库,220
国网湖南物资公司湘潭周转库,岳阳临湘仓库,206.8
国网湖南物资公司湘潭周转库,岳阳县仓库,171.2
国网湖南物资公司湘潭周转库,岳阳华容仓库,250.7
国网湖南物资公司湘潭周转库,岳阳汨罗仓库,140.8
国网湖南物资公司湘潭周转库,岳阳湘阴仓库,124.9
国网湖南物资公司湘潭周转库,岳阳平江仓库,153.4
湘潭韶山仓库,湘潭县仓库,61.7
湘潭韶山仓库,国网湖南物资公司益阳周转库,94.9
湘潭韶山仓库,湘潭湘乡仓库,24.4
湘潭韶山仓库,长沙浏阳仓库,148.4
湘潭韶山仓库,株洲醴陵仓库,118
湘潭韶山仓库,衡阳衡山仓库,135.9
湘潭韶山仓库,国网湖南物资公司湘西周转库,375
湘潭韶山仓库,湘西凤凰仓库,376
湘潭韶山仓库,湘西古丈仓库,422.4
湘潭韶山仓库,怀化麻阳仓库,325.2
湘潭韶山仓库,湘西泸溪仓库,316.4
湘潭韶山仓库,湘西保靖仓库,440.6
湘潭韶山仓库,怀化沅陵仓库,319.4
湘潭韶山仓库,怀化辰溪仓库,287.8
湘潭韶山仓库,湘西永顺仓库,422
湘潭韶山仓库,张家界周转库,336
湘潭韶山仓库,怀化溆浦仓库,233.5
湘潭韶山仓库,湘西龙山仓库,473.7
湘潭韶山仓库,张家界桑植仓库,390
湘潭韶山仓库,国网湖南物资公司郴州周转库,314.1
湘潭韶山仓库,郴州苏仙仓库,310.1
湘潭韶山仓库,郴州北湖仓库,314.5
湘潭韶山仓库,郴州桂阳仓库,302
湘潭韶山仓库,郴州资兴仓库,304.9
湘潭韶山仓库,衡阳耒阳仓库,230.2
湘潭韶山仓库,郴州安仁仓库,229.4
湘潭韶山仓库,株洲茶陵仓库,232.5
湘潭韶山仓库,株洲炎陵仓库,275.1
湘潭韶山仓库,衡阳常宁仓库,219.5
湘潭韶山仓库,郴州桂东仓库,343.9
湘潭韶山仓库,国网湖南物资公司衡阳周转库,161
湘潭韶山仓库,株洲攸县仓库,197.9
湘潭韶山仓库,衡阳衡东仓库,153.4
湘潭韶山仓库,国网湖南物资公司怀化周转库,311
湘潭韶山仓库,国网怀化中方芙蓉路仓库,309
湘潭韶山仓库,怀化芷江仓库,348
湘潭韶山仓库,怀化洪江市仓库,357.8
湘潭韶山仓库,怀化洪江区仓库,361.3
湘潭韶山仓库,邵阳洞口仓库,250.2
湘潭韶山仓库,怀化会同仓库,397.1
湘潭韶山仓库,怀化新晃仓库,402.9
湘潭韶山仓库,怀化靖州仓库,400.6
湘潭韶山仓库,邵阳武冈仓库,274.4
湘潭韶山仓库,邵阳绥宁仓库,339.1
湘潭韶山仓库,怀化通道仓库,401.2
湘潭韶山仓库,邵阳城步仓库,327.2
湘潭韶山仓库,国网湖南物资公司岳阳周转库,204.6
湘潭韶山仓库,岳阳云溪仓库,202.5
湘潭韶山仓库,岳阳君山仓库,231.6
湘潭韶山仓库,岳阳临湘仓库,225.4
湘潭韶山仓库,岳阳县仓库,178.3
湘潭韶山仓库,岳阳华容仓库,227.1
湘潭韶山仓库,岳阳汨罗仓库,141.2
湘潭韶山仓库,岳阳湘阴仓库,117.1
湘潭韶山仓库,岳阳平江仓库,190.5
湘潭县仓库,国网湖南物资公司益阳周转库,132.8
湘潭县仓库,湘潭湘乡仓库,49.4
湘潭县仓库,长沙浏阳仓库,94.7
湘潭县仓库,株洲醴陵仓库,70.5
湘潭县仓库,衡阳衡山仓库,87.2
湘潭县仓库,国网湖南物资公司湘西周转库,428.6
湘潭县仓库,湘西凤凰仓库,440.7
湘潭县仓库,湘西古丈仓库,475.9
湘潭县仓库,怀化麻阳仓库,389.9
湘潭县仓库,湘西泸溪仓库,381.1
湘潭县仓库,湘西保靖仓库,478.4
湘潭县仓库,怀化沅陵仓库,357.3
湘潭县仓库,怀化辰溪仓库,352.5
湘潭县仓库,湘西永顺仓库,459.9
湘潭县仓库,张家界周转库,373.9
湘潭县仓库,怀化溆浦仓库,298.2
湘潭县仓库,湘西龙山仓库,511.6
湘潭县仓库,张家界桑植仓库,427.9
湘潭县仓库,国网湖南物资公司郴州周转库,265.4
湘潭县仓库,郴州苏仙仓库,261.3
湘潭县仓库,郴州北湖仓库,265.8
湘潭县仓库,郴州桂阳仓库,274.6
湘潭县仓库,郴州资兴仓库,256.2
湘潭县仓库,衡阳耒阳仓库,181.5
湘潭县仓库,郴州安仁仓库,179.3
湘潭县仓库,株洲茶陵仓库,182.4
湘潭县仓库,株洲炎陵仓库,225
湘潭县仓库,衡阳常宁仓库,192.1
湘潭县仓库,郴州桂东仓库,293.7
湘潭县仓库,国网湖南物资公司衡阳周转库,133.6
湘潭县仓库,株洲攸县仓库,147.8
湘潭县仓库,衡阳衡东仓库,104.7
湘潭县仓库,国网湖南物资公司怀化周转库,375.7
湘潭县仓库,国网怀化中方芙蓉路仓库,373.7
湘潭县仓库,怀化芷江仓库,397
湘潭县仓库,怀化洪江市仓库,393.2
湘潭县仓库,怀化洪江区仓库,396.6
湘潭县仓库,邵阳洞口仓库,285.6
湘潭县仓库,怀化会同仓库,436.9
湘潭县仓库,怀化新晃仓库,452.7
湘潭县仓库,怀化靖州仓库,435.9
湘潭县仓库,邵阳武冈仓库,309.7
湘潭县仓库,邵阳绥宁仓库,374.5
湘潭县仓库,怀化通道仓库,436.5
湘潭县仓库,邵阳城步仓库,362.5
湘潭县仓库,国网湖南物资公司岳阳周转库,202.8
湘潭县仓库,岳阳云溪仓库,200.7
湘潭县仓库,岳阳君山仓库,229.8
湘潭县仓库,岳阳临湘仓库,216.6
湘潭县仓库,岳阳县仓库,181
湘潭县仓库,岳阳华容仓库,262.7
湘潭县仓库,岳阳汨罗仓库,150.6
湘潭县仓库,岳阳湘阴仓库,131.3
湘潭县仓库,岳阳平江仓库,156
国网湖南物资公司益阳周转库,湘潭湘乡仓库,113.9
国网湖南物资公司益阳周转库,长沙浏阳仓库,161.5
国网湖南物资公司益阳周转库,株洲醴陵仓库,188.6
国网湖南物资公司益阳周转库,衡阳衡山仓库,206.2
国网湖南物资公司益阳周转库,国网湖南物资公司湘西周转库,305.7
国网湖南物资公司益阳周转库,湘西凤凰仓库,343.1
国网湖南物资公司益阳周转库,湘西古丈仓库,353
国网湖南物资公司益阳周转库,怀化麻阳仓库,333.3
国网湖南物资公司益阳周转库,湘西泸溪仓库,256
国网湖南物资公司益阳周转库,湘西保靖仓库,354.1
国网湖南物资公司益阳周转库,怀化沅陵仓库,234.5
国网湖南物资公司益阳周转库,怀化辰溪仓库,284.3
国网湖南物资公司益阳周转库,湘西永顺仓库,335.6
国网湖南物资公司益阳周转库,张家界周转库,249.6
国网湖南物资公司益阳周转库,怀化溆浦仓库,255.7
国网湖南物资公司益阳周转库,湘西龙山仓库,387.3
国网湖南物资公司益阳周转库,张家界桑植仓库,303.6
国网湖南物资公司益阳周转库,国网湖南物资公司郴州周转库,384.4
国网湖南物资公司益阳周转库,郴州苏仙仓库,380.3
国网湖南物资公司益阳周转库,郴州北湖仓库,384.8
国网湖南物资公司益阳周转库,郴州桂阳仓库,372.3
国网湖南物资公司益阳周转库,郴州资兴仓库,375.2
国网湖南物资公司益阳周转库,衡阳耒阳仓库,300.5
国网湖南物资公司益阳周转库,郴州安仁仓库,299.9
国网湖南物资公司益阳周转库,株洲茶陵仓库,303
国网湖南物资公司益阳周转库,株洲炎陵仓库,345.6
国网湖南物资公司益阳周转库,衡阳常宁仓库,281.1
国网湖南物资公司益阳周转库,郴州桂东仓库,414.4
国网湖南物资公司益阳周转库,国网湖南物资公司衡阳周转库,231.3
国网湖南物资公司益阳周转库,株洲攸县仓库,268.4
国网湖南物资公司益阳周转库,衡阳衡东仓库,223.7
国网湖南物资公司益阳周转库,国网湖南物资公司怀化周转库,333.2
国网湖南物资公司益阳周转库,国网怀化中方芙蓉路仓库,331.1
国网湖南物资公司益阳周转库,怀化芷江仓库,370.2
国网湖南物资公司益阳周转库,怀化洪江市仓库,380.9
国网湖南物资公司益阳周转库,怀化洪江区仓库,384.4
国网湖南物资公司益阳周转库,邵阳洞口仓库,303.3
国网湖南物资公司益阳周转库,怀化会同仓库,419.3
国网湖南物资公司益阳周转库,怀化新晃仓库,425.1
国网湖南物资公司益阳周转库,怀化靖州仓库,453.7
国网湖南物资公司益阳周转库,邵阳武冈仓库,327.5
国网湖南物资公司益阳周转库,邵阳绥宁仓库,392.2
国网湖南物资公司益阳周转库,怀化通道仓库,454.3
国网湖南物资公司益阳周转库,邵阳城步仓库,380.3
国网湖南物资公司益阳周转库,国网湖南物资公司岳阳周转库,158
国网湖南物资公司益阳周转库,岳阳云溪仓库,155.9
国网湖南物资公司益阳周转库,岳阳君山仓库,185
国网湖南物资公司益阳周转库,岳阳临湘仓库,178.8
国网湖南物资公司益阳周转库,岳阳县仓库,131.7
国网湖南物资公司益阳周转库,岳阳华容仓库,133
国网湖南物资公司益阳周转库,岳阳汨罗仓库,94.8
国网湖南物资公司益阳周转库,岳阳湘阴仓库,71.7
国网湖南物资公司益阳周转库,岳阳平江仓库,144.1
湘潭湘乡仓库,长沙浏阳仓库,160.7
湘潭湘乡仓库,株洲醴陵仓库,114.7
湘潭湘乡仓库,衡阳衡山仓库,109
湘潭湘乡仓库,国网湖南物资公司湘西周转库,390.8
湘潭湘乡仓库,湘西凤凰仓库,391.8
湘潭湘乡仓库,湘西古丈仓库,438.2
湘潭湘乡仓库,怀化麻阳仓库,341
湘潭湘乡仓库,湘西泸溪仓库,332.2
湘潭湘乡仓库,湘西保靖仓库,460.9
湘潭湘乡仓库,怀化沅陵仓库,330.7
湘潭湘乡仓库,怀化辰溪仓库,303.6
湘潭湘乡仓库,湘西永顺仓库,442.4
湘潭湘乡仓库,张家界周转库,356.4
湘潭湘乡仓库,怀化溆浦仓库,249.3
湘潭湘乡仓库,湘西龙山仓库,494.1
湘潭湘乡仓库,张家界桑植仓库,410.4
湘潭湘乡仓库,国网湖南物资公司郴州周转库,287.2
湘潭湘乡仓库,郴州苏仙仓库,283.1
湘潭湘乡仓库,郴州北湖仓库,287.6
湘潭湘乡仓库,郴州桂阳仓库,275.1
湘潭湘乡仓库,郴州资兴仓库,278
湘潭湘乡仓库,衡阳耒阳仓库,203.3
湘潭湘乡仓库,郴州安仁仓库,211.6
湘潭湘乡仓库,株洲茶陵仓库,214.7
湘潭湘乡仓库,株洲炎陵仓库,257.4
湘潭湘乡仓库,衡阳常宁仓库,192.5
湘潭湘乡仓库,郴州桂东仓库,326.1
湘潭湘乡仓库,国网湖南物资公司衡阳周转库,134.1
湘潭湘乡仓库,株洲攸县仓库,180.1
湘潭湘乡仓库,衡阳衡东仓库,126.5
湘潭湘乡仓库,国网湖南物资公司怀化周转库,326.8
湘潭湘乡仓库,国网怀化中方芙蓉路仓库,324.8
湘潭湘乡仓库,怀化芷江仓库,348.3
湘潭湘乡仓库,怀化洪江市仓库,344.5
湘潭湘乡仓库,怀化洪江区仓库,347.9
湘潭湘乡仓库,邵阳洞口仓库,236.9
湘潭湘乡仓库,怀化会同仓库,388.2
湘潭湘乡仓库,怀化新晃仓库,404
湘潭湘乡仓库,怀化靖州仓库,387.2
湘潭湘乡仓库,邵阳武冈仓库,261
湘潭湘乡仓库,邵阳绥宁仓库,325.8
湘潭湘乡仓库,怀化通道仓库,387.8
湘潭湘乡仓库,邵阳城步仓库,313.8
湘潭湘乡仓库,国网湖南物资公司岳阳周转库,227.3
湘潭湘乡仓库,岳阳云溪仓库,225.1
湘潭湘乡仓库,岳阳君山仓库,254.2
湘潭湘乡仓库,岳阳临湘仓库,248
湘潭湘乡仓库,岳阳县仓库,201
湘潭湘乡仓库,岳阳华容仓库,247.4
湘潭湘乡仓库,岳阳汨罗仓库,163.9
湘潭湘乡仓库,岳阳湘阴仓库,139.7
湘潭湘乡仓库,岳阳平江仓库,200.2
长沙浏阳仓库,株洲醴陵仓库,73
长沙浏阳仓库,衡阳衡山仓库,178.6
长沙浏阳仓库,国网湖南物资公司湘西周转库,457.7
长沙浏阳仓库,湘西凤凰仓库,503
长沙浏阳仓库,湘西古丈仓库,505
长沙浏阳仓库,怀化麻阳仓库,452.2
长沙浏阳仓库,湘西泸溪仓库,408
长沙浏阳仓库,湘西保靖仓库,507.4
长沙浏阳仓库,怀化沅陵仓库,386.5
长沙浏阳仓库,怀化辰溪仓库,414.8
长沙浏阳仓库,湘西永顺仓库,488.9
长沙浏阳仓库,张家界周转库,402.9
长沙浏阳仓库,怀化溆浦仓库,360.5
长沙浏阳仓库,湘西龙山仓库,540.6
长沙浏阳仓库,张家界桑植仓库,456.9
长沙浏阳仓库,国网湖南物资公司郴州周转库,349
长沙浏阳仓库,郴州苏仙仓库,345
长沙浏阳仓库,郴州北湖仓库,349.4
长沙浏阳仓库,郴州桂阳仓库,349.5
长沙浏阳仓库,郴州资兴仓库,339.8
长沙浏阳仓库,衡阳耒阳仓库,265.1
长沙浏阳仓库,郴州安仁仓库,197.2
长沙浏阳仓库,株洲茶陵仓库,196
长沙浏阳仓库,株洲炎陵仓库,242.3
长沙浏阳仓库,衡阳常宁仓库,308.2
长沙浏阳仓库,郴州桂东仓库,311.1
长沙浏阳仓库,国网湖南物资公司衡阳周转库,235.7
长沙浏阳仓库,株洲攸县仓库,165.7
长沙浏阳仓库,衡阳衡东仓库,196.1
长沙浏阳仓库,国网湖南物资公司怀化周转库,438
长沙浏阳仓库,国网怀化中方芙蓉路仓库,436
长沙浏阳仓库,怀化芷江仓库,475
长沙浏阳仓库,怀化洪江市仓库,492.7
长沙浏阳仓库,怀化洪江区仓库,496.2
长沙浏阳仓库,邵阳洞口仓库,385.1
长沙浏阳仓库,怀化会同仓库,524.1
长沙浏阳仓库,怀化新晃仓库,529.9
长沙浏阳仓库,怀化靖州仓库,535.4
长沙浏阳仓库,邵阳武冈仓库,409.3
长沙浏阳仓库,邵阳绥宁仓库,474
长沙浏阳仓库,怀化通道仓库,536
长沙浏阳仓库,邵阳城步仓库,462.1
长沙浏阳仓库,国网湖南物资公司岳阳周转库,199.5
长沙浏阳仓库,岳阳云溪仓库,197.4
长沙浏阳仓库,岳阳君山仓库,226.5
长沙浏阳仓库,岳阳临湘仓库,213.3
长沙浏阳仓库,岳阳县仓库,177.7
长沙浏阳仓库,岳阳华容仓库,280.9
长沙浏阳仓库,岳阳汨罗仓库,140.3
长沙浏阳仓库,岳阳湘阴仓库,127.7
长沙浏阳仓库,岳阳平江仓库,84.9
株洲醴陵仓库,衡阳衡山仓库,106.8
株洲醴陵仓库,国网湖南物资公司湘西周转库,489.9
株洲醴陵仓库,湘西凤凰仓库,490.9
株洲醴陵仓库,湘西古丈仓库,537.3
株洲醴陵仓库,怀化麻阳仓库,440.1
株洲醴陵仓库,湘西泸溪仓库,431.2
株洲醴陵仓库,湘西保靖仓库,535.2
株洲醴陵仓库,怀化沅陵仓库,414.1
株洲醴陵仓库,怀化辰溪仓库,402.7
株洲醴陵仓库,湘西永顺仓库,516.6
株洲醴陵仓库,张家界周转库,430.6
株洲醴陵仓库,怀化溆浦仓库,348.3
株洲醴陵仓库,湘西龙山仓库,568.3
株洲醴陵仓库,张家界桑植仓库,484.6
株洲醴陵仓库,国网湖南物资公司郴州周转库,268.8
株洲醴陵仓库,郴州苏仙仓库,264.8
株洲醴陵仓库,郴州北湖仓库,269.2
株洲醴陵仓库,郴州桂阳仓库,269.3
株洲醴陵仓库,郴州资兴仓库,259.7
株洲醴陵仓库,衡阳耒阳仓库,184.9
株洲醴陵仓库,郴州安仁仓库,117
株洲醴陵仓库,株洲茶陵仓库,120.1
株洲醴陵仓库,株洲炎陵仓库,162.7
株洲醴陵仓库,衡阳常宁仓库,230.9
株洲醴陵仓库,郴州桂东仓库,231.4
株洲醴陵仓库,国网湖南物资公司衡阳周转库,163.9
株洲醴陵仓库,株洲攸县仓库,85.5
株洲醴陵仓库,衡阳衡东仓库,124.3
株洲醴陵仓库,国网湖南物资公司怀化周转库,425.9
株洲醴陵仓库,国网怀化中方芙蓉路仓库,423.8
株洲醴陵仓库,怀化芷江仓库,447.1
株洲醴陵仓库,怀化洪江市仓库,443.3
株洲醴陵仓库,怀化洪江区仓库,446.8
株洲醴陵仓库,邵阳洞口仓库,335.7
株洲醴陵仓库,怀化会同仓库,487
株洲醴陵仓库,怀化新晃仓库,502.8
株洲醴陵仓库,怀化靖州仓库,486.1
株洲醴陵仓库,邵阳武冈仓库,359.9
株洲醴陵仓库,邵阳绥宁仓库,424.6
株洲醴陵仓库,怀化通道仓库,486.7
株洲醴陵仓库,邵阳城步仓库,412.7
株洲醴陵仓库,国网湖南物资公司岳阳周转库,230.9
株洲醴陵仓库,岳阳云溪仓库,228.7
株洲醴陵仓库,岳阳君山仓库,257.8
株洲醴陵仓库,岳阳临湘仓库,244.6
株洲醴陵仓库,岳阳县仓库,209
株洲醴陵仓库,岳阳华容仓库,312.2
株洲醴陵仓库,岳阳汨罗仓库,178.6
株洲醴陵仓库,岳阳湘阴仓库,159.1
株洲醴陵仓库,岳阳平江仓库,138.4
衡阳衡山仓库,国网湖南物资公司湘西周转库,480.9
衡阳衡山仓库,湘西凤凰仓库,452.8
衡阳衡山仓库,湘西古丈仓库,528.2
衡阳衡山仓库,怀化麻阳仓库,426.7
衡阳衡山仓库,湘西泸溪仓库,422.2
衡阳衡山仓库,湘西保靖仓库,546.5
衡阳衡山仓库,怀化沅陵仓库,420.7
衡阳衡山仓库,怀化辰溪仓库,393.7
衡阳衡山仓库,湘西永顺仓库,528
衡阳衡山仓库,张家界周转库,442
衡阳衡山仓库,怀化溆浦仓库,339.3
衡阳衡山仓库,湘西龙山仓库,579.7
衡阳衡山仓库,张家界桑植仓库,496
衡阳衡山仓库,国网湖南物资公司郴州周转库,182.8
衡阳衡山仓库,郴州苏仙仓库,178.7
衡阳衡山仓库,郴州北湖仓库,183.2
衡阳衡山仓库,郴州桂阳仓库,183.3
衡阳衡山仓库,郴州资兴仓库,173.6
衡阳衡山仓库,衡阳耒阳仓库,98.9
衡阳衡山仓库,郴州安仁仓库,94.4
衡阳衡山仓库,株洲茶陵仓库,97.4
衡阳衡山仓库,株洲炎陵仓库,140.1
衡阳衡山仓库,衡阳常宁仓库,128.7
衡阳衡山仓库,郴州桂东仓库,208.8
衡阳衡山仓库,国网湖南物资公司衡阳周转库,61.7
衡阳衡山仓库,株洲攸县仓库,69.8
衡阳衡山仓库,衡阳衡东仓库,21.2
衡阳衡山仓库,国网湖南物资公司怀化周转库,385.9
衡阳衡山仓库,国网怀化中方芙蓉路仓库,390.1
衡阳衡山仓库,怀化芷江仓库,387.1
衡阳衡山仓库,怀化洪江市仓库,383.3
衡阳衡山仓库,怀化洪江区仓库,386.8
衡阳衡山仓库,邵阳洞口仓库,275.7
衡阳衡山仓库,怀化会同仓库,427
衡阳衡山仓库,怀化新晃仓库,442.8
衡阳衡山仓库,怀化靖州仓库,426
衡阳衡山仓库,邵阳武冈仓库,299.9
衡阳衡山仓库,邵阳绥宁仓库,364.6
衡阳衡山仓库,怀化通道仓库,426.6
衡阳衡山仓库,邵阳城步仓库,352.7
衡阳衡山仓库,国网湖南物资公司岳阳周转库,268.3
衡阳衡山仓库,岳阳云溪仓库,266.2
衡阳衡山仓库,岳阳君山仓库,295.3
衡阳衡山仓库,岳阳临湘仓库,282
衡阳衡山仓库,岳阳县仓库,260.6
衡阳衡山仓库,岳阳华容仓库,330.8
衡阳衡山仓库,岳阳汨罗仓库,223.5
衡阳衡山仓库,岳阳湘阴仓库,199.4
衡阳衡山仓库,岳阳平江仓库,228.6
国网湖南物资公司湘西周转库,湘西凤凰仓库,47.1
国网湖南物资公司湘西周转库,湘西古丈仓库,54.2
国网湖南物资公司湘西周转库,怀化麻阳仓库,68.8
国网湖南物资公司湘西周转库,湘西泸溪仓库,60.5
国网湖南物资公司湘西周转库,湘西保靖仓库,91.3
国网湖南物资公司湘西周转库,怀化沅陵仓库,97.9
国网湖南物资公司湘西周转库,怀化辰溪仓库,98.2
国网湖南物资公司湘西周转库,湘西永顺仓库,119.8
国网湖南物资公司湘西周转库,张家界周转库,169
国网湖南物资公司湘西周转库,怀化溆浦仓库,152.4
国网湖南物资公司湘西周转库,湘西龙山仓库,180.3
国网湖南物资公司湘西周转库,张家界桑植仓库,207.2
国网湖南物资公司湘西周转库,国网湖南物资公司郴州周转库,606.8
国网湖南物资公司湘西周转库,郴州苏仙仓库,602.7
国网湖南物资公司湘西周转库,郴州北湖仓库,620.1
国网湖南物资公司湘西周转库,郴州桂阳仓库,575.8
国网湖南物资公司湘西周转库,郴州资兴仓库,597.6
国网湖南物资公司湘西周转库,衡阳耒阳仓库,518.7
国网湖南物资公司湘西周转库,郴州安仁仓库,556.9
国网湖南物资公司湘西周转库,株洲茶陵仓库,560
国网湖南物资公司湘西周转库,株洲炎陵仓库,602.6
国网湖南物资公司湘西周转库,衡阳常宁仓库,475.8
国网湖南物资公司湘西周转库,郴州桂东仓库,671.3
国网湖南物资公司湘西周转库,国网湖南物资公司衡阳周转库,434.5
国网湖南物资公司湘西周转库,株洲攸县仓库,551.8
国网湖南物资公司湘西周转库,衡阳衡东仓库,472.1
国网湖南物资公司湘西周转库,国网湖南物资公司怀化周转库,110.9
国网湖南物资公司湘西周转库,国网怀化中方芙蓉路仓库,113.4
国网湖南物资公司湘西周转库,怀化芷江仓库,127.2
国网湖南物资公司湘西周转库,怀化洪江市仓库,148.5
国网湖南物资公司湘西周转库,怀化洪江区仓库,152
国网湖南物资公司湘西周转库,邵阳洞口仓库,215.6
国网湖南物资公司湘西周转库,怀化会同仓库,186.9
国网湖南物资公司湘西周转库,怀化新晃仓库,156
国网湖南物资公司湘西周转库,怀化靖州仓库,225.6
国网湖南物资公司湘西周转库,邵阳武冈仓库,260
国网湖南物资公司湘西周转库,邵阳绥宁仓库,289
国网湖南物资公司湘西周转库,怀化通道仓库,290.7
国网湖南物资公司湘西周转库,邵阳城步仓库,312.8
国网湖南物资公司湘西周转库,国网湖南物资公司岳阳周转库,436.2
国网湖南物资公司湘西周转库,岳阳云溪仓库,435
国网湖南物资公司湘西周转库,岳阳君山仓库,421
国网湖南物资公司湘西周转库,岳阳临湘仓库,473.7
国网湖南物资公司湘西周转库,岳阳县仓库,426.7
国网湖南物资公司湘西周转库,岳阳华容仓库,366
国网湖南物资公司湘西周转库,岳阳汨罗仓库,389.7
国网湖南物资公司湘西周转库,岳阳湘阴仓库,366.6
国网湖南物资公司湘西周转库,岳阳平江仓库,439
湘西凤凰仓库,湘西古丈仓库,95.3
湘西凤凰仓库,怀化麻阳仓库,36.5
湘西凤凰仓库,湘西泸溪仓库,98.3
湘西凤凰仓库,湘西保靖仓库,132.3
湘西凤凰仓库,怀化沅陵仓库,135.7
湘西凤凰仓库,怀化辰溪仓库,88.7
湘西凤凰仓库,湘西永顺仓库,160.8
湘西凤凰仓库,张家界周转库,210
湘西凤凰仓库,怀化溆浦仓库,153.8
湘西凤凰仓库,湘西龙山仓库,221.3
湘西凤凰仓库,张家界桑植仓库,248.2
湘西凤凰仓库,国网湖南物资公司郴州周转库,578.6
湘西凤凰仓库,郴州苏仙仓库,574.6
湘西凤凰仓库,郴州北湖仓库,587.9
湘西凤凰仓库,郴州桂阳仓库,547.6
湘西凤凰仓库,郴州资兴仓库,569.5
湘西凤凰仓库,衡阳耒阳仓库,490.6
湘西凤凰仓库,郴州安仁仓库,528.8
湘西凤凰仓库,株洲茶陵仓库,531.8
湘西凤凰仓库,株洲炎陵仓库,574.5
湘西凤凰仓库,衡阳常宁仓库,447.7
湘西凤凰仓库,郴州桂东仓库,643.2
湘西凤凰仓库,国网湖南物资公司衡阳周转库,406.4
湘西凤凰仓库,株洲攸县仓库,507.8
湘西凤凰仓库,衡阳衡东仓库,444
湘西凤凰仓库,国网湖南物资公司怀化周转库,78.7
湘西凤凰仓库,国网怀化中方芙蓉路仓库,81.1
湘西凤凰仓库,怀化芷江仓库,95
湘西凤凰仓库,怀化洪江市仓库,116.3
湘西凤凰仓库,怀化洪江区仓库,119.8
湘西凤凰仓库,邵阳洞口仓库,183.3
湘西凤凰仓库,怀化会同仓库,154.7
湘西凤凰仓库,怀化新晃仓库,116.5
湘西凤凰仓库,怀化靖州仓库,193.3
湘西凤凰仓库,邵阳武冈仓库,227.7
湘西凤凰仓库,邵阳绥宁仓库,256.8
湘西凤凰仓库,怀化通道仓库,258.4
湘西凤凰仓库,邵阳城步仓库,280.5
湘西凤凰仓库,国网湖南物资公司岳阳周转库,474.1
湘西凤凰仓库,岳阳云溪仓库,472.9
湘西凤凰仓库,岳阳君山仓库,458.8
湘西凤凰仓库,岳阳临湘仓库,511.6
湘西凤凰仓库,岳阳县仓库,464.5
湘西凤凰仓库,岳阳华容仓库,403.9
湘西凤凰仓库,岳阳汨罗仓库,427.6
湘西凤凰仓库,岳阳湘阴仓库,404.5
湘西凤凰仓库,岳阳平江仓库,476.9
湘西古丈仓库,怀化麻阳仓库,133.5
湘西古丈仓库,湘西泸溪仓库,125.1
湘西古丈仓库,湘西保靖仓库,68.2
湘西古丈仓库,怀化沅陵仓库,162.5
湘西古丈仓库,怀化辰溪仓库,162.8
湘西古丈仓库,湘西永顺仓库,65.6
湘西古丈仓库,张家界周转库,114.8
湘西古丈仓库,怀化溆浦仓库,217
湘西古丈仓库,湘西龙山仓库,126.1
湘西古丈仓库,张家界桑植仓库,152.9
湘西古丈仓库,国网湖南物资公司郴州周转库,671.4
湘西古丈仓库,郴州苏仙仓库,667.4
湘西古丈仓库,郴州北湖仓库,684.8
湘西古丈仓库,郴州桂阳仓库,640.4
湘西古丈仓库,郴州资兴仓库,662.2
湘西古丈仓库,衡阳耒阳仓库,583.3
湘西古丈仓库,郴州安仁仓库,621.5
湘西古丈仓库,株洲茶陵仓库,624.6
湘西古丈仓库,株洲炎陵仓库,667.2
湘西古丈仓库,衡阳常宁仓库,540.4
湘西古丈仓库,郴州桂东仓库,736
湘西古丈仓库,国网湖南物资公司衡阳周转库,499.1
湘西古丈仓库,株洲攸县仓库,627.3
湘西古丈仓库,衡阳衡东仓库,536.8
湘西古丈仓库,国网湖南物资公司怀化周转库,175.6
湘西古丈仓库,国网怀化中方芙蓉路仓库,178.1
湘西古丈仓库,怀化芷江仓库,191.9
湘西古丈仓库,怀化洪江市仓库,213.2
湘西古丈仓库,怀化洪江区仓库,216.7
湘西古丈仓库,邵阳洞口仓库,280.3
湘西古丈仓库,怀化会同仓库,251.6
湘西古丈仓库,怀化新晃仓库,220.7
湘西古丈仓库,怀化靖州仓库,290.3
湘西古丈仓库,邵阳武冈仓库,324.7
湘西古丈仓库,邵阳绥宁仓库,353.7
湘西古丈仓库,怀化通道仓库,355.4
湘西古丈仓库,邵阳城步仓库,377.5
湘西古丈仓库,国网湖南物资公司岳阳周转库,440.6
湘西古丈仓库,岳阳云溪仓库,439.5
湘西古丈仓库,岳阳君山仓库,425.4
湘西古丈仓库,岳阳临湘仓库,479.8
湘西古丈仓库,岳阳县仓库,490.6
湘西古丈仓库,岳阳华容仓库,370.5
湘西古丈仓库,岳阳汨罗仓库,453.7
湘西古丈仓库,岳阳湘阴仓库,430.6
湘西古丈仓库,岳阳平江仓库,502.9
怀化麻阳仓库,湘西泸溪仓库,74.6
怀化麻阳仓库,湘西保靖仓库,154
怀化麻阳仓库,怀化沅陵仓库,126.7
怀化麻阳仓库,怀化辰溪仓库,52.8
怀化麻阳仓库,湘西永顺仓库,182.5
怀化麻阳仓库,张家界周转库,231.6
怀化麻阳仓库,怀化溆浦仓库,104.8
怀化麻阳仓库,湘西龙山仓库,243
怀化麻阳仓库,张家界桑植仓库,269.8
怀化麻阳仓库,国网湖南物资公司郴州周转库,553.7
怀化麻阳仓库,郴州苏仙仓库,549.6
怀化麻阳仓库,郴州北湖仓库,562.9
怀化麻阳仓库,郴州桂阳仓库,522.7
怀化麻阳仓库,郴州资兴仓库,544.5
怀化麻阳仓库,衡阳耒阳仓库,465.6
怀化麻阳仓库,郴州安仁仓库,503.8
怀化麻阳仓库,株洲茶陵仓库,506.9
怀化麻阳仓库,株洲炎陵仓库,549.5
怀化麻阳仓库,衡阳常宁仓库,422.7
怀化麻阳仓库,郴州桂东仓库,618.2
怀化麻阳仓库,国网湖南物资公司衡阳周转库,381.4
怀化麻阳仓库,株洲攸县仓库,482.8
怀化麻阳仓库,衡阳衡东仓库,419
怀化麻阳仓库,国网湖南物资公司怀化周转库,53.7
怀化麻阳仓库,国网怀化中方芙蓉路仓库,56.1
怀化麻阳仓库,怀化芷江仓库,70
怀化麻阳仓库,怀化洪江市仓库,91.3
怀化麻阳仓库,怀化洪江区仓库,94.8
怀化麻阳仓库,邵阳洞口仓库,158.4
怀化麻阳仓库,怀化会同仓库,129.7
怀化麻阳仓库,怀化新晃仓库,124.9
怀化麻阳仓库,怀化靖州仓库,168.4
怀化麻阳仓库,邵阳武冈仓库,202.8
怀化麻阳仓库,邵阳绥宁仓库,231.8
怀化麻阳仓库,怀化通道仓库,233.5
怀化麻阳仓库,邵阳城步仓库,255.6
怀化麻阳仓库,国网湖南物资公司岳阳周转库,465.1
怀化麻阳仓库,岳阳云溪仓库,463.9
怀化麻阳仓库,岳阳君山仓库,449.8
怀化麻阳仓库,岳阳临湘仓库,502.6
怀化麻阳仓库,岳阳县仓库,455.5
怀化麻阳仓库,岳阳华容仓库,394.9
怀化麻阳仓库,岳阳汨罗仓库,418.6
怀化麻阳仓库,岳阳湘阴仓库,395.5
怀化麻阳仓库,岳阳平江仓库,467.9
湘西泸溪仓库,湘西保靖仓库,146
湘西泸溪仓库,怀化沅陵仓库,48.3
湘西泸溪仓库,怀化辰溪仓库,37.9
湘西泸溪仓库,湘西永顺仓库,174.5
湘西泸溪仓库,张家界周转库,169.7
湘西泸溪仓库,怀化溆浦仓库,95.7
湘西泸溪仓库,湘西龙山仓库,235
湘西泸溪仓库,张家界桑植仓库,261.9
湘西泸溪仓库,国网湖南物资公司郴州周转库,550.1
湘西泸溪仓库,郴州苏仙仓库,546
湘西泸溪仓库,郴州北湖仓库,550.5
湘西泸溪仓库,郴州桂阳仓库,519.1
湘西泸溪仓库,郴州资兴仓库,540.9
湘西泸溪仓库,衡阳耒阳仓库,462
湘西泸溪仓库,郴州安仁仓库,500.2
湘西泸溪仓库,株洲茶陵仓库,503.3
湘西泸溪仓库,株洲炎陵仓库,545.9
湘西泸溪仓库,衡阳常宁仓库,419.1
湘西泸溪仓库,郴州桂东仓库,614.6
湘西泸溪仓库,国网湖南物资公司衡阳周转库,377.8
湘西泸溪仓库,株洲攸县仓库,495.1
湘西泸溪仓库,衡阳衡东仓库,415.4
湘西泸溪仓库,国网湖南物资公司怀化周转库,100.3
湘西泸溪仓库,国网怀化中方芙蓉路仓库,98.2
湘西泸溪仓库,怀化芷江仓库,137.3
湘西泸溪仓库,怀化洪江市仓库,148
湘西泸溪仓库,怀化洪江区仓库,151.5
湘西泸溪仓库,邵阳洞口仓库,215
湘西泸溪仓库,怀化会同仓库,186.4
湘西泸溪仓库,怀化新晃仓库,192.2
湘西泸溪仓库,怀化靖州仓库,225
湘西泸溪仓库,邵阳武冈仓库,259.4
湘西泸溪仓库,邵阳绥宁仓库,288.5
湘西泸溪仓库,怀化通道仓库,290.1
湘西泸溪仓库,邵阳城步仓库,312.2
湘西泸溪仓库,国网湖南物资公司岳阳周转库,386.7
湘西泸溪仓库,岳阳云溪仓库,385.5
湘西泸溪仓库,岳阳君山仓库,371.4
湘西泸溪仓库,岳阳临湘仓库,424.2
湘西泸溪仓库,岳阳县仓库,377.1
湘西泸溪仓库,岳阳华容仓库,316.5
湘西泸溪仓库,岳阳汨罗仓库,340.2
湘西泸溪仓库,岳阳湘阴仓库,317.1
湘西泸溪仓库,岳阳平江仓库,389.5
湘西保靖仓库,怀化沅陵仓库,183.7
湘西保靖仓库,怀化辰溪仓库,184
湘西保靖仓库,湘西永顺仓库,53.3
湘西保靖仓库,张家界周转库,102.3
湘西保靖仓库,怀化溆浦仓库,238.2
湘西保靖仓库,湘西龙山仓库,113.8
湘西保靖仓库,张家界桑植仓库,140.5
湘西保靖仓库,国网湖南物资公司郴州周转库,692.6
湘西保靖仓库,郴州苏仙仓库,688.6
湘西保靖仓库,郴州北湖仓库,706
湘西保靖仓库,郴州桂阳仓库,661.6
湘西保靖仓库,郴州资兴仓库,683.4
湘西保靖仓库,衡阳耒阳仓库,604.5
湘西保靖仓库,郴州安仁仓库,646.3
湘西保靖仓库,株洲茶陵仓库,649.4
湘西保靖仓库,株洲炎陵仓库,692
湘西保靖仓库,衡阳常宁仓库,561.6
湘西保靖仓库,郴州桂东仓库,760.8
湘西保靖仓库,国网湖南物资公司衡阳周转库,520.3
湘西保靖仓库,株洲攸县仓库,614.8
湘西保靖仓库,衡阳衡东仓库,570.1
湘西保靖仓库,国网湖南物资公司怀化周转库,196.8
湘西保靖仓库,国网怀化中方芙蓉路仓库,199.3
湘西保靖仓库,怀化芷江仓库,213.1
湘西保靖仓库,怀化洪江市仓库,234.4
湘西保靖仓库,怀化洪江区仓库,237.9
湘西保靖仓库,邵阳洞口仓库,301.5
湘西保靖仓库,怀化会同仓库,272.8
湘西保靖仓库,怀化新晃仓库,241.9
湘西保靖仓库,怀化靖州仓库,311.5
湘西保靖仓库,邵阳武冈仓库,345.9
湘西保靖仓库,邵阳绥宁仓库,374.9
湘西保靖仓库,怀化通道仓库,376.6
湘西保靖仓库,邵阳城步仓库,398.7
湘西保靖仓库,国网湖南物资公司岳阳周转库,428.2
湘西保靖仓库,岳阳云溪仓库,427
湘西保靖仓库,岳阳君山仓库,412.9
湘西保靖仓库,岳阳临湘仓库,467.4
湘西保靖仓库,岳阳县仓库,478.1
湘西保靖仓库,岳阳华容仓库,358
湘西保靖仓库,岳阳汨罗仓库,441.2
湘西保靖仓库,岳阳湘阴仓库,418.1
湘西保靖仓库,岳阳平江仓库,490.5
怀化沅陵仓库,怀化辰溪仓库,73.2
怀化沅陵仓库,湘西永顺仓库,207.6
怀化沅陵仓库,张家界周转库,129
怀化沅陵仓库,怀化溆浦仓库,127.4
怀化沅陵仓库,湘西龙山仓库,268.1
怀化沅陵仓库,张家界桑植仓库,191
怀化沅陵仓库,国网湖南物资公司郴州周转库,543.7
怀化沅陵仓库,郴州苏仙仓库,539.6
怀化沅陵仓库,郴州北湖仓库,544.1
怀化沅陵仓库,郴州桂阳仓库,512.7
怀化沅陵仓库,郴州资兴仓库,534.5
怀化沅陵仓库,衡阳耒阳仓库,455.6
怀化沅陵仓库,郴州安仁仓库,493.8
怀化沅陵仓库,株洲茶陵仓库,496.9
怀化沅陵仓库,株洲炎陵仓库,539.5
怀化沅陵仓库,衡阳常宁仓库,412.7
怀化沅陵仓库,郴州桂东仓库,608.2
怀化沅陵仓库,国网湖南物资公司衡阳周转库,371.4
怀化沅陵仓库,株洲攸县仓库,491.8
怀化沅陵仓库,衡阳衡东仓库,409
怀化沅陵仓库,国网湖南物资公司怀化周转库,132
怀化沅陵仓库,国网怀化中方芙蓉路仓库,130
怀化沅陵仓库,怀化芷江仓库,169
怀化沅陵仓库,怀化洪江市仓库,179.7
怀化沅陵仓库,怀化洪江区仓库,183.2
怀化沅陵仓库,邵阳洞口仓库,246.8
怀化沅陵仓库,怀化会同仓库,218.1
怀化沅陵仓库,怀化新晃仓库,223.9
怀化沅陵仓库,怀化靖州仓库,256.7
怀化沅陵仓库,邵阳武冈仓库,291.2
怀化沅陵仓库,邵阳绥宁仓库,320.2
怀化沅陵仓库,怀化通道仓库,321.8
怀化沅陵仓库,邵阳城步仓库,344
怀化沅陵仓库,国网湖南物资公司岳阳周转库,362.6
怀化沅陵仓库,岳阳云溪仓库,361.4
怀化沅陵仓库,岳阳君山仓库,347.3
怀化沅陵仓库,岳阳临湘仓库,400.1
怀化沅陵仓库,岳阳县仓库,353
怀化沅陵仓库,岳阳华容仓库,292.4
怀化沅陵仓库,岳阳汨罗仓库,316.1
怀化沅陵仓库,岳阳湘阴仓库,293
怀化沅陵仓库,岳阳平江仓库,365.4
怀化辰溪仓库,湘西永顺仓库,211.8
怀化辰溪仓库,张家界周转库,197.6
怀化辰溪仓库,怀化溆浦仓库,65
怀化辰溪仓库,湘西龙山仓库,272.3
怀化辰溪仓库,张家界桑植仓库,299.1
怀化辰溪仓库,国网湖南物资公司郴州周转库,519.4
怀化辰溪仓库,郴州苏仙仓库,515.4
怀化辰溪仓库,郴州北湖仓库,519.8
怀化辰溪仓库,郴州桂阳仓库,488.4
怀化辰溪仓库,郴州资兴仓库,510.2
怀化辰溪仓库,衡阳耒阳仓库,431.3
怀化辰溪仓库,郴州安仁仓库,469.5
怀化辰溪仓库,株洲茶陵仓库,472.6
怀化辰溪仓库,株洲炎陵仓库,515.2
怀化辰溪仓库,衡阳常宁仓库,388.4
怀化辰溪仓库,郴州桂东仓库,584
怀化辰溪仓库,国网湖南物资公司衡阳周转库,347.1
怀化辰溪仓库,株洲攸县仓库,464.4
怀化辰溪仓库,衡阳衡东仓库,384.8
怀化辰溪仓库,国网湖南物资公司怀化周转库,69.6
怀化辰溪仓库,国网怀化中方芙蓉路仓库,67.6
怀化辰溪仓库,怀化芷江仓库,106.6
怀化辰溪仓库,怀化洪江市仓库,117.3
怀化辰溪仓库,怀化洪江区仓库,120.8
怀化辰溪仓库,邵阳洞口仓库,184.4
怀化辰溪仓库,怀化会同仓库,155.7
怀化辰溪仓库,怀化新晃仓库,161.5
怀化辰溪仓库,怀化靖州仓库,194.4
怀化辰溪仓库,邵阳武冈仓库,228.8
怀化辰溪仓库,邵阳绥宁仓库,257.8
怀化辰溪仓库,怀化通道仓库,259.4
怀化辰溪仓库,邵阳城步仓库,281.6
怀化辰溪仓库,国网湖南物资公司岳阳周转库,414.5
怀化辰溪仓库,岳阳云溪仓库,413.4
怀化辰溪仓库,岳阳君山仓库,399.3
怀化辰溪仓库,岳阳临湘仓库,452.1
怀化辰溪仓库,岳阳县仓库,405
怀化辰溪仓库,岳阳华容仓库,344.4
怀化辰溪仓库,岳阳汨罗仓库,368.1
怀化辰溪仓库,岳阳湘阴仓库,345
怀化辰溪仓库,岳阳平江仓库,417.3
湘西永顺仓库,张家界周转库,82.4
湘西永顺仓库,怀化溆浦仓库,265.7
湘西永顺仓库,湘西龙山仓库,82.2
湘西永顺仓库,张家界桑植仓库,73.7
湘西永顺仓库,国网湖南物资公司郴州周转库,710.8
湘西永顺仓库,郴州苏仙仓库,706.8
湘西永顺仓库,郴州北湖仓库,711.2
湘西永顺仓库,郴州桂阳仓库,698.8
湘西永顺仓库,郴州资兴仓库,701.6
湘西永顺仓库,衡阳耒阳仓库,626.9
湘西永顺仓库,郴州安仁仓库,626.4
湘西永顺仓库,株洲茶陵仓库,629.5
湘西永顺仓库,株洲炎陵仓库,672.1
湘西永顺仓库,衡阳常宁仓库,589.1
湘西永顺仓库,郴州桂东仓库,740.8
湘西永顺仓库,国网湖南物资公司衡阳周转库,547.9
湘西永顺仓库,株洲攸县仓库,594.9
湘西永顺仓库,衡阳衡东仓库,550.2
湘西永顺仓库,国网湖南物资公司怀化周转库,224.3
湘西永顺仓库,国网怀化中方芙蓉路仓库,226.8
湘西永顺仓库,怀化芷江仓库,240.7
湘西永顺仓库,怀化洪江市仓库,261.9
湘西永顺仓库,怀化洪江区仓库,265.4
湘西永顺仓库,邵阳洞口仓库,329
湘西永顺仓库,怀化会同仓库,300.3
湘西永顺仓库,怀化新晃仓库,269.4
湘西永顺仓库,怀化靖州仓库,339
湘西永顺仓库,邵阳武冈仓库,373.4
湘西永顺仓库,邵阳绥宁仓库,402.4
湘西永顺仓库,怀化通道仓库,404.1
湘西永顺仓库,邵阳城步仓库,426.2
湘西永顺仓库,国网湖南物资公司岳阳周转库,408.2
湘西永顺仓库,岳阳云溪仓库,407.1
湘西永顺仓库,岳阳君山仓库,393
湘西永顺仓库,岳阳临湘仓库,447.4
湘西永顺仓库,岳阳县仓库,458.2
湘西永顺仓库,岳阳华容仓库,338.1
湘西永顺仓库,岳阳汨罗仓库,421.2
湘西永顺仓库,岳阳湘阴仓库,398.2
湘西永顺仓库,岳阳平江仓库,470.5
张家界周转库,怀化溆浦仓库,251.8
张家界周转库,湘西龙山仓库,147.8
张家界周转库,张家界桑植仓库,64.1
张家界周转库,国网湖南物资公司郴州周转库,626.7
张家界周转库,郴州苏仙仓库,622.6
张家界周转库,郴州北湖仓库,627.1
张家界周转库,郴州桂阳仓库,614.6
张家界周转库,郴州资兴仓库,617.5
张家界周转库,衡阳耒阳仓库,542.8
张家界周转库,郴州安仁仓库,542.2
张家界周转库,株洲茶陵仓库,545.3
张家界周转库,株洲炎陵仓库,587.9
张家界周转库,衡阳常宁仓库,519.2
张家界周转库,郴州桂东仓库,656.7
张家界周转库,国网湖南物资公司衡阳周转库,473.6
张家界周转库,株洲攸县仓库,510.7
张家界周转库,衡阳衡东仓库,466
张家界周转库,国网湖南物资公司怀化周转库,274.4
张家界周转库,国网怀化中方芙蓉路仓库,276.9
张家界周转库,怀化芷江仓库,290.8
张家界周转库,怀化洪江市仓库,312.1
张家界周转库,怀化洪江区仓库,315.5
张家界周转库,邵阳洞口仓库,379.1
张家界周转库,怀化会同仓库,350.5
张家界周转库,怀化新晃仓库,319.5
张家界周转库,怀化靖州仓库,389.1
张家界周转库,邵阳武冈仓库,423.5
张家界周转库,邵阳绥宁仓库,452.5
张家界周转库,怀化通道仓库,454.2
张家界周转库,邵阳城步仓库,476.3
张家界周转库,国网湖南物资公司岳阳周转库,324.1
张家界周转库,岳阳云溪仓库,322.9
张家界周转库,岳阳君山仓库,308.9
张家界周转库,岳阳临湘仓库,363.3
张家界周转库,岳阳县仓库,374
张家界周转库,岳阳华容仓库,253.9
张家界周转库,岳阳汨罗仓库,337.1
张家界周转库,岳阳湘阴仓库,314
张家界周转库,岳阳平江仓库,386.4
怀化溆浦仓库,湘西龙山仓库,326.4
怀化溆浦仓库,张家界桑植仓库,353.2
怀化溆浦仓库,国网湖南物资公司郴州周转库,465
怀化溆浦仓库,郴州苏仙仓库,460.9
怀化溆浦仓库,郴州北湖仓库,465.4
怀化溆浦仓库,郴州桂阳仓库,434
怀化溆浦仓库,郴州资兴仓库,455.8
怀化溆浦仓库,衡阳耒阳仓库,376.9
怀化溆浦仓库,郴州安仁仓库,415.1
怀化溆浦仓库,株洲茶陵仓库,418.2
怀化溆浦仓库,株洲炎陵仓库,460.8
怀化溆浦仓库,衡阳常宁仓库,334
怀化溆浦仓库,郴州桂东仓库,529.5
怀化溆浦仓库,国网湖南物资公司衡阳周转库,292.7
怀化溆浦仓库,株洲攸县仓库,410
怀化溆浦仓库,衡阳衡东仓库,330.3
怀化溆浦仓库,国网湖南物资公司怀化周转库,88.9
怀化溆浦仓库,国网怀化中方芙蓉路仓库,86.9
怀化溆浦仓库,怀化芷江仓库,126
怀化溆浦仓库,怀化洪江市仓库,136.6
怀化溆浦仓库,怀化洪江区仓库,140.1
怀化溆浦仓库,邵阳洞口仓库,117
怀化溆浦仓库,怀化会同仓库,175
怀化溆浦仓库,怀化新晃仓库,180.8
怀化溆浦仓库,怀化靖州仓库,213.7
怀化溆浦仓库,邵阳武冈仓库,161.4
怀化溆浦仓库,邵阳绥宁仓库,183.9
怀化溆浦仓库,怀化通道仓库,278.8
怀化溆浦仓库,邵阳城步仓库,214.2
怀化溆浦仓库,国网湖南物资公司岳阳周转库,403
怀化溆浦仓库,岳阳云溪仓库,400.9
怀化溆浦仓库,岳阳君山仓库,418.7
怀化溆浦仓库,岳阳临湘仓库,423.8
怀化溆浦仓库,岳阳县仓库,376.7
怀化溆浦仓库,岳阳华容仓库,363.8
怀化溆浦仓库,岳阳汨罗仓库,339.8
怀化溆浦仓库,岳阳湘阴仓库,316.7
怀化溆浦仓库,岳阳平江仓库,389.1
湘西龙山仓库,张家界桑植仓库,89.3
湘西龙山仓库,国网湖南物资公司郴州周转库,764.9
湘西龙山仓库,郴州苏仙仓库,760.9
湘西龙山仓库,郴州北湖仓库,765.3
湘西龙山仓库,郴州桂阳仓库,752.9
湘西龙山仓库,郴州资兴仓库,755.8
湘西龙山仓库,衡阳耒阳仓库,681
湘西龙山仓库,郴州安仁仓库,680.5
湘西龙山仓库,株洲茶陵仓库,683.6
湘西龙山仓库,株洲炎陵仓库,726.2
湘西龙山仓库,衡阳常宁仓库,657.5
湘西龙山仓库,郴州桂东仓库,794.9
湘西龙山仓库,国网湖南物资公司衡阳周转库,611.9
湘西龙山仓库,株洲攸县仓库,649
湘西龙山仓库,衡阳衡东仓库,604.3
湘西龙山仓库,国网湖南物资公司怀化周转库,285.9
湘西龙山仓库,国网怀化中方芙蓉路仓库,288.3
湘西龙山仓库,怀化芷江仓库,302.2
湘西龙山仓库,怀化洪江市仓库,323.5
湘西龙山仓库,怀化洪江区仓库,327
湘西龙山仓库,邵阳洞口仓库,390.6
湘西龙山仓库,怀化会同仓库,361.9
湘西龙山仓库,怀化新晃仓库,330.9
湘西龙山仓库,怀化靖州仓库,400.6
湘西龙山仓库,邵阳武冈仓库,435
湘西龙山仓库,邵阳绥宁仓库,464
湘西龙山仓库,怀化通道仓库,465.6
湘西龙山仓库,邵阳城步仓库,487.8
湘西龙山仓库,国网湖南物资公司岳阳周转库,462.3
湘西龙山仓库,岳阳云溪仓库,461.2
湘西龙山仓库,岳阳君山仓库,447.1
湘西龙山仓库,岳阳临湘仓库,501.5
湘西龙山仓库,岳阳县仓库,512.3
湘西龙山仓库,岳阳华容仓库,392.2
湘西龙山仓库,岳阳汨罗仓库,475.4
湘西龙山仓库,岳阳湘阴仓库,452.3
湘西龙山仓库,岳阳平江仓库,524.6
张家界桑植仓库,国网湖南物资公司郴州周转库,680.4
张家界桑植仓库,郴州苏仙仓库,676.3
张家界桑植仓库,郴州北湖仓库,680.8
张家界桑植仓库,郴州桂阳仓库,668.3
张家界桑植仓库,郴州资兴仓库,671.2
张家界桑植仓库,衡阳耒阳仓库,596.5
张家界桑植仓库,郴州安仁仓库,595.9
张家界桑植仓库,株洲茶陵仓库,599
张家界桑植仓库,株洲炎陵仓库,641.6
张家界桑植仓库,衡阳常宁仓库,572.9
张家界桑植仓库,郴州桂东仓库,710.4
张家界桑植仓库,国网湖南物资公司衡阳周转库,527.3
张家界桑植仓库,株洲攸县仓库,564.4
张家界桑植仓库,衡阳衡东仓库,519.7
张家界桑植仓库,国网湖南物资公司怀化周转库,311.6
张家界桑植仓库,国网怀化中方芙蓉路仓库,314.1
张家界桑植仓库,怀化芷江仓库,328
张家界桑植仓库,怀化洪江市仓库,349.3
张家界桑植仓库,怀化洪江区仓库,352.7
张家界桑植仓库,邵阳洞口仓库,416.3
张家界桑植仓库,怀化会同仓库,387.7
张家界桑植仓库,怀化新晃仓库,356.7
张家界桑植仓库,怀化靖州仓库,426.3
张家界桑植仓库,邵阳武冈仓库,460.7
张家界桑植仓库,邵阳绥宁仓库,489.8
张家界桑植仓库,怀化通道仓库,491.4
张家界桑植仓库,邵阳城步仓库,513.5
张家界桑植仓库,国网湖南物资公司岳阳周转库,377.8
张家界桑植仓库,岳阳云溪仓库,376.6
张家界桑植仓库,岳阳君山仓库,362.5
张家界桑植仓库,岳阳临湘仓库,417
张家界桑植仓库,岳阳县仓库,427.7
张家界桑植仓库,岳阳华容仓库,307.6
张家界桑植仓库,岳阳汨罗仓库,390.8
张家界桑植仓库,岳阳湘阴仓库,367.7
张家界桑植仓库,岳阳平江仓库,440.1
国网湖南物资公司郴州周转库,郴州苏仙仓库,4.7
国网湖南物资公司郴州周转库,郴州北湖仓库,2.9
国网湖南物资公司郴州周转库,郴州桂阳仓库,33.4
国网湖南物资公司郴州周转库,郴州资兴仓库,39.2
国网湖南物资公司郴州周转库,衡阳耒阳仓库,86.5
国网湖南物资公司郴州周转库,郴州安仁仓库,129.8
国网湖南物资公司郴州周转库,株洲茶陵仓库,150.7
国网湖南物资公司郴州周转库,株洲炎陵仓库,158.2
国网湖南物资公司郴州周转库,衡阳常宁仓库,130.9
国网湖南物资公司郴州周转库,郴州桂东仓库,168.5
国网湖南物资公司郴州周转库,国网湖南物资公司衡阳周转库,187.6
国网湖南物资公司郴州周转库,株洲攸县仓库,169.5
国网湖南物资公司郴州周转库,衡阳衡东仓库,207.3
国网湖南物资公司郴州周转库,国网湖南物资公司怀化周转库,521
国网湖南物资公司郴州周转库,国网怀化中方芙蓉路仓库,525.2
国网湖南物资公司郴州周转库,怀化芷江仓库,522.2
国网湖南物资公司郴州周转库,怀化洪江市仓库,518.4
国网湖南物资公司郴州周转库,怀化洪江区仓库,521.9
国网湖南物资公司郴州周转库,邵阳洞口仓库,410.8
国网湖南物资公司郴州周转库,怀化会同仓库,562.1
国网湖南物资公司郴州周转库,怀化新晃仓库,577.9
国网湖南物资公司郴州周转库,怀化靖州仓库,548.3
国网湖南物资公司郴州周转库,邵阳武冈仓库,395.9
国网湖南物资公司郴州周转库,邵阳绥宁仓库,499.7
国网湖南物资公司郴州周转库,怀化通道仓库,480.1
国网湖南物资公司郴州周转库,邵阳城步仓库,487.7
国网湖南物资公司郴州周转库,国网湖南物资公司岳阳周转库,494.5
国网湖南物资公司郴州周转库,岳阳云溪仓库,492.4
国网湖南物资公司郴州周转库,岳阳君山仓库,521.5
国网湖南物资公司郴州周转库,岳阳临湘仓库,485.4
国网湖南物资公司郴州周转库,岳阳县仓库,468.2
国网湖南物资公司郴州周转库,岳阳华容仓库,538.4
国网湖南物资公司郴州周转库,岳阳汨罗仓库,431.1
国网湖南物资公司郴州周转库,岳阳湘阴仓库,407
国网湖南物资公司郴州周转库,岳阳平江仓库,379.2
郴州苏仙仓库,郴州北湖仓库,6.2
郴州苏仙仓库,郴州桂阳仓库,35.5
郴州苏仙仓库,郴州资兴仓库,33.6
郴州苏仙仓库,衡阳耒阳仓库,87.9
郴州苏仙仓库,郴州安仁仓库,128.1
郴州苏仙仓库,株洲茶陵仓库,149
郴州苏仙仓库,株洲炎陵仓库,154.3
郴州苏仙仓库,衡阳常宁仓库,133
郴州苏仙仓库,郴州桂东仓库,164.5
郴州苏仙仓库,国网湖南物资公司衡阳周转库,189.7
郴州苏仙仓库,株洲攸县仓库,167.7
郴州苏仙仓库,衡阳衡东仓库,205.6
郴州苏仙仓库,国网湖南物资公司怀化周转库,523.2
郴州苏仙仓库,国网怀化中方芙蓉路仓库,527.3
郴州苏仙仓库,怀化芷江仓库,524.3
郴州苏仙仓库,怀化洪江市仓库,520.5
郴州苏仙仓库,怀化洪江区仓库,524
郴州苏仙仓库,邵阳洞口仓库,412.9
郴州苏仙仓库,怀化会同仓库,564.2
郴州苏仙仓库,怀化新晃仓库,580
郴州苏仙仓库,怀化靖州仓库,550.4
郴州苏仙仓库,邵阳武冈仓库,398.1
郴州苏仙仓库,邵阳绥宁仓库,501.8
郴州苏仙仓库,怀化通道仓库,482.3
郴州苏仙仓库,邵阳城步仓库,489.9
郴州苏仙仓库,国网湖南物资公司岳阳周转库,470
郴州苏仙仓库,岳阳云溪仓库,467.8
郴州苏仙仓库,岳阳君山仓库,496.9
郴州苏仙仓库,岳阳临湘仓库,483.7
郴州苏仙仓库,岳阳县仓库,470.4
郴州苏仙仓库,岳阳华容仓库,540.6
郴州苏仙仓库,岳阳汨罗仓库,433.3
郴州苏仙仓库,岳阳湘阴仓库,409.2
郴州苏仙仓库,岳阳平江仓库,377.5
郴州北湖仓库,郴州桂阳仓库,33.2
郴州北湖仓库,郴州资兴仓库,39
郴州北湖仓库,衡阳耒阳仓库,88.1
郴州北湖仓库,郴州安仁仓库,129.6
郴州北湖仓库,株洲茶陵仓库,150.5
郴州北湖仓库,株洲炎陵仓库,157.7
郴州北湖仓库,衡阳常宁仓库,130.7
郴州北湖仓库,郴州桂东仓库,168.6
郴州北湖仓库,国网湖南物资公司衡阳周转库,187.4
郴州北湖仓库,株洲攸县仓库,169.3
郴州北湖仓库,衡阳衡东仓库,207.1
郴州北湖仓库,国网湖南物资公司怀化周转库,520.6
郴州北湖仓库,国网怀化中方芙蓉路仓库,524.8
郴州北湖仓库,怀化芷江仓库,521.8
郴州北湖仓库,怀化洪江市仓库,518
郴州北湖仓库,怀化洪江区仓库,521.5
郴州北湖仓库,邵阳洞口仓库,410.4
郴州北湖仓库,怀化会同仓库,561.7
郴州北湖仓库,怀化新晃仓库,577.5
郴州北湖仓库,怀化靖州仓库,547.9
郴州北湖仓库,邵阳武冈仓库,395.6
郴州北湖仓库,邵阳绥宁仓库,499.3
郴州北湖仓库,怀化通道仓库,479.8
郴州北湖仓库,邵阳城步仓库,487.4
郴州北湖仓库,国网湖南物资公司岳阳周转库,494.4
郴州北湖仓库,岳阳云溪仓库,492.2
郴州北湖仓库,岳阳君山仓库,521.3
郴州北湖仓库,岳阳临湘仓库,515.1
郴州北湖仓库,岳阳县仓库,468.1
郴州北湖仓库,岳阳华容仓库,538.2
郴州北湖仓库,岳阳汨罗仓库,431
郴州北湖仓库,岳阳湘阴仓库,406.8
郴州北湖仓库,岳阳平江仓库,379
郴州桂阳仓库,郴州资兴仓库,67.9
郴州桂阳仓库,衡阳耒阳仓库,89.3
郴州桂阳仓库,郴州安仁仓库,148
郴州桂阳仓库,株洲茶陵仓库,169
郴州桂阳仓库,株洲炎陵仓库,194.6
郴州桂阳仓库,衡阳常宁仓库,96.5
郴州桂阳仓库,郴州桂东仓库,190.3
郴州桂阳仓库,国网湖南物资公司衡阳周转库,160.4
郴州桂阳仓库,株洲攸县仓库,241.2
郴州桂阳仓库,衡阳衡东仓库,208.8
郴州桂阳仓库,国网湖南物资公司怀化周转库,495.5
郴州桂阳仓库,国网怀化中方芙蓉路仓库,499.6
郴州桂阳仓库,怀化芷江仓库,496.6
郴州桂阳仓库,怀化洪江市仓库,492.8
郴州桂阳仓库,怀化洪江区仓库,496.3
郴州桂阳仓库,邵阳洞口仓库,385.2
郴州桂阳仓库,怀化会同仓库,536.6
郴州桂阳仓库,怀化新晃仓库,552.3
郴州桂阳仓库,怀化靖州仓库,522.7
郴州桂阳仓库,邵阳武冈仓库,370.4
郴州桂阳仓库,邵阳绥宁仓库,474.1
郴州桂阳仓库,怀化通道仓库,454.6
郴州桂阳仓库,邵阳城步仓库,462.2
郴州桂阳仓库,国网湖南物资公司岳阳周转库,467.4
郴州桂阳仓库,岳阳云溪仓库,465.3
郴州桂阳仓库,岳阳君山仓库,494.4
郴州桂阳仓库,岳阳临湘仓库,488.2
郴州桂阳仓库,岳阳县仓库,441.1
郴州桂阳仓库,岳阳华容仓库,511.3
郴州桂阳仓库,岳阳汨罗仓库,404
郴州桂阳仓库,岳阳湘阴仓库,379.9
郴州桂阳仓库,岳阳平江仓库,450.9
郴州资兴仓库,衡阳耒阳仓库,87.1
郴州资兴仓库,郴州安仁仓库,105.1
郴州资兴仓库,株洲茶陵仓库,126
郴州资兴仓库,株洲炎陵仓库,128.1
郴州资兴仓库,衡阳常宁仓库,128.2
郴州资兴仓库,郴州桂东仓库,117.3
郴州资兴仓库,国网湖南物资公司衡阳周转库,156.6
郴州资兴仓库,株洲攸县仓库,144.8
郴州资兴仓库,衡阳衡东仓库,182.6
郴州资兴仓库,国网湖南物资公司怀化周转库,512.2
郴州资兴仓库,国网怀化中方芙蓉路仓库,516.3
郴州资兴仓库,怀化芷江仓库,513.3
郴州资兴仓库,怀化洪江市仓库,509.5
郴州资兴仓库,怀化洪江区仓库,513
郴州资兴仓库,邵阳洞口仓库,401.9
郴州资兴仓库,怀化会同仓库,553.3
郴州资兴仓库,怀化新晃仓库,569
郴州资兴仓库,怀化靖州仓库,552.3
郴州资兴仓库,邵阳武冈仓库,426.1
郴州资兴仓库,邵阳绥宁仓库,490.8
郴州资兴仓库,怀化通道仓库,524.1
郴州资兴仓库,邵阳城步仓库,478.9
郴州资兴仓库,国网湖南物资公司岳阳周转库,447
郴州资兴仓库,岳阳云溪仓库,444.9
郴州资兴仓库,岳阳君山仓库,474
郴州资兴仓库,岳阳临湘仓库,460.7
郴州资兴仓库,岳阳县仓库,425.2
郴州资兴仓库,岳阳华容仓库,528.3
郴州资兴仓库,岳阳汨罗仓库,394.8
郴州资兴仓库,岳阳湘阴仓库,375.2
郴州资兴仓库,岳阳平江仓库,354.5
衡阳耒阳仓库,郴州安仁仓库,74.9
衡阳耒阳仓库,株洲茶陵仓库,100.9
衡阳耒阳仓库,株洲炎陵仓库,135.7
衡阳耒阳仓库,衡阳常宁仓库,59.3
衡阳耒阳仓库,郴州桂东仓库,204.4
衡阳耒阳仓库,国网湖南物资公司衡阳周转库,69.5
衡阳耒阳仓库,株洲攸县仓库,112.4
衡阳耒阳仓库,衡阳衡东仓库,100.4
衡阳耒阳仓库,国网湖南物资公司怀化周转库,425.1
衡阳耒阳仓库,国网怀化中方芙蓉路仓库,429.2
衡阳耒阳仓库,怀化芷江仓库,426.3
衡阳耒阳仓库,怀化洪江市仓库,422.5
衡阳耒阳仓库,怀化洪江区仓库,425.9
衡阳耒阳仓库,邵阳洞口仓库,314.9
衡阳耒阳仓库,怀化会同仓库,466.2
衡阳耒阳仓库,怀化新晃仓库,482
衡阳耒阳仓库,怀化靖州仓库,465.2
衡阳耒阳仓库,邵阳武冈仓库,339
衡阳耒阳仓库,邵阳绥宁仓库,403.8
衡阳耒阳仓库,怀化通道仓库,465.8
衡阳耒阳仓库,邵阳城步仓库,391.8
衡阳耒阳仓库,国网湖南物资公司岳阳周转库,400
衡阳耒阳仓库,岳阳云溪仓库,397.9
衡阳耒阳仓库,岳阳君山仓库,427
衡阳耒阳仓库,岳阳临湘仓库,420.8
衡阳耒阳仓库,岳阳县仓库,373.7
衡阳耒阳仓库,岳阳华容仓库,443.9
衡阳耒阳仓库,岳阳汨罗仓库,336.6
衡阳耒阳仓库,岳阳湘阴仓库,312.5
衡阳耒阳仓库,岳阳平江仓库,322.2
郴州安仁仓库,株洲茶陵仓库,44.2
郴州安仁仓库,株洲炎陵仓库,76.7
郴州安仁仓库,衡阳常宁仓库,113.7
郴州安仁仓库,郴州桂东仓库,155.6
郴州安仁仓库,国网湖南物资公司衡阳周转库,137.8
郴州安仁仓库,株洲攸县仓库,40.4
郴州安仁仓库,衡阳衡东仓库,78.3
郴州安仁仓库,国网湖南物资公司怀化周转库,462.3
郴州安仁仓库,国网怀化中方芙蓉路仓库,466.4
郴州安仁仓库,怀化芷江仓库,463.5
郴州安仁仓库,怀化洪江市仓库,459.7
郴州安仁仓库,怀化洪江区仓库,463.1
郴州安仁仓库,邵阳洞口仓库,352
郴州安仁仓库,怀化会同仓库,503.4
郴州安仁仓库,怀化新晃仓库,519.2
郴州安仁仓库,怀化靖州仓库,502.4
郴州安仁仓库,邵阳武冈仓库,376.2
郴州安仁仓库,邵阳绥宁仓库,441
郴州安仁仓库,怀化通道仓库,503
郴州安仁仓库,邵阳城步仓库,429
郴州安仁仓库,国网湖南物资公司岳阳周转库,342.7
郴州安仁仓库,岳阳云溪仓库,340.5
郴州安仁仓库,岳阳君山仓库,369.6
郴州安仁仓库,岳阳临湘仓库,356.4
郴州安仁仓库,岳阳县仓库,320.8
郴州安仁仓库,岳阳华容仓库,424
郴州安仁仓库,岳阳汨罗仓库,290.4
郴州安仁仓库,岳阳湘阴仓库,270.9
郴州安仁仓库,岳阳平江仓库,250.2
株洲茶陵仓库,株洲炎陵仓库,55.8
株洲茶陵仓库,衡阳常宁仓库,139.7
株洲茶陵仓库,郴州桂东仓库,120.9
株洲茶陵仓库,国网湖南物资公司衡阳周转库,140.1
株洲茶陵仓库,株洲攸县仓库,39.1
株洲茶陵仓库,衡阳衡东仓库,80.5
株洲茶陵仓库,国网湖南物资公司怀化周转库,464.6
株洲茶陵仓库,国网怀化中方芙蓉路仓库,468.7
株洲茶陵仓库,怀化芷江仓库,465.7
株洲茶陵仓库,怀化洪江市仓库,461.9
株洲茶陵仓库,怀化洪江区仓库,465.4
株洲茶陵仓库,邵阳洞口仓库,354.3
株洲茶陵仓库,怀化会同仓库,505.6
株洲茶陵仓库,怀化新晃仓库,521.4
株洲茶陵仓库,怀化靖州仓库,504.7
株洲茶陵仓库,邵阳武冈仓库,378.5
株洲茶陵仓库,邵阳绥宁仓库,443.2
株洲茶陵仓库,怀化通道仓库,505.3
株洲茶陵仓库,邵阳城步仓库,431.3
株洲茶陵仓库,国网湖南物资公司岳阳周转库,345.2
株洲茶陵仓库,岳阳云溪仓库,343
株洲茶陵仓库,岳阳君山仓库,372.1
株洲茶陵仓库,岳阳临湘仓库,358.9
株洲茶陵仓库,岳阳县仓库,323.3
株洲茶陵仓库,岳阳华容仓库,426.5
株洲茶陵仓库,岳阳汨罗仓库,293
株洲茶陵仓库,岳阳湘阴仓库,273.4
株洲茶陵仓库,岳阳平江仓库,252.7
株洲炎陵仓库,衡阳常宁仓库,175.5
株洲炎陵仓库,郴州桂东仓库,86.2
株洲炎陵仓库,国网湖南物资公司衡阳周转库,183.2
株洲炎陵仓库,株洲攸县仓库,86.1
株洲炎陵仓库,衡阳衡东仓库,123.7
株洲炎陵仓库,国网湖南物资公司怀化周转库,507.7
株洲炎陵仓库,国网怀化中方芙蓉路仓库,511.9
株洲炎陵仓库,怀化芷江仓库,508.9
株洲炎陵仓库,怀化洪江市仓库,505.1
株洲炎陵仓库,怀化洪江区仓库,508.6
株洲炎陵仓库,邵阳洞口仓库,397.5
株洲炎陵仓库,怀化会同仓库,548.8
株洲炎陵仓库,怀化新晃仓库,564.6
株洲炎陵仓库,怀化靖州仓库,547.8
株洲炎陵仓库,邵阳武冈仓库,421.6
株洲炎陵仓库,邵阳绥宁仓库,486.4
株洲炎陵仓库,怀化通道仓库,548.4
株洲炎陵仓库,邵阳城步仓库,474.5
株洲炎陵仓库,国网湖南物资公司岳阳周转库,388.3
株洲炎陵仓库,岳阳云溪仓库,386.2
株洲炎陵仓库,岳阳君山仓库,415.3
株洲炎陵仓库,岳阳临湘仓库,402
株洲炎陵仓库,岳阳县仓库,366.5
株洲炎陵仓库,岳阳华容仓库,469.7
株洲炎陵仓库,岳阳汨罗仓库,336.1
株洲炎陵仓库,岳阳湘阴仓库,316.5
株洲炎陵仓库,岳阳平江仓库,295.9
衡阳常宁仓库,郴州桂东仓库,243.2
衡阳常宁仓库,国网湖南物资公司衡阳周转库,70.7
衡阳常宁仓库,株洲攸县仓库,151.2
衡阳常宁仓库,衡阳衡东仓库,119
衡阳常宁仓库,国网湖南物资公司怀化周转库,382.8
衡阳常宁仓库,国网怀化中方芙蓉路仓库,386.9
衡阳常宁仓库,怀化芷江仓库,384
衡阳常宁仓库,怀化洪江市仓库,380.2
衡阳常宁仓库,怀化洪江区仓库,383.6
衡阳常宁仓库,邵阳洞口仓库,272.5
衡阳常宁仓库,怀化会同仓库,423.9
衡阳常宁仓库,怀化新晃仓库,439.7
衡阳常宁仓库,怀化靖州仓库,422.9
衡阳常宁仓库,邵阳武冈仓库,296.7
衡阳常宁仓库,邵阳绥宁仓库,361.5
衡阳常宁仓库,怀化通道仓库,423.5
衡阳常宁仓库,邵阳城步仓库,349.5
衡阳常宁仓库,国网湖南物资公司岳阳周转库,377.6
衡阳常宁仓库,岳阳云溪仓库,375.5
衡阳常宁仓库,岳阳君山仓库,404.6
衡阳常宁仓库,岳阳临湘仓库,398.4
衡阳常宁仓库,岳阳县仓库,351.3
衡阳常宁仓库,岳阳华容仓库,411.2
衡阳常宁仓库,岳阳汨罗仓库,314.2
衡阳常宁仓库,岳阳湘阴仓库,290.1
衡阳常宁仓库,岳阳平江仓库,360.9
郴州桂东仓库,国网湖南物资公司衡阳周转库,251.7
郴州桂东仓库,株洲攸县仓库,154.6
郴州桂东仓库,衡阳衡东仓库,192.2
郴州桂东仓库,国网湖南物资公司怀化周转库,576.2
郴州桂东仓库,国网怀化中方芙蓉路仓库,580.4
郴州桂东仓库,怀化芷江仓库,577.4
郴州桂东仓库,怀化洪江市仓库,573.6
郴州桂东仓库,怀化洪江区仓库,577.1
郴州桂东仓库,邵阳洞口仓库,466
郴州桂东仓库,怀化会同仓库,617.3
郴州桂东仓库,怀化新晃仓库,633.1
郴州桂东仓库,怀化靖州仓库,616.3
郴州桂东仓库,邵阳武冈仓库,490.1
郴州桂东仓库,邵阳绥宁仓库,554.9
郴州桂东仓库,怀化通道仓库,622.8
郴州桂东仓库,邵阳城步仓库,542.9
郴州桂东仓库,国网湖南物资公司岳阳周转库,456.8
郴州桂东仓库,岳阳云溪仓库,454.7
郴州桂东仓库,岳阳君山仓库,483.8
郴州桂东仓库,岳阳临湘仓库,470.5
郴州桂东仓库,岳阳县仓库,435
郴州桂东仓库,岳阳华容仓库,538.2
郴州桂东仓库,岳阳汨罗仓库,404.6
郴州桂东仓库,岳阳湘阴仓库,385
郴州桂东仓库,岳阳平江仓库,364.3
国网湖南物资公司衡阳周转库,株洲攸县仓库,117
国网湖南物资公司衡阳周转库,衡阳衡东仓库,53.4
国网湖南物资公司衡阳周转库,国网湖南物资公司怀化周转库,341.5
国网湖南物资公司衡阳周转库,国网怀化中方芙蓉路仓库,345.7
国网湖南物资公司衡阳周转库,怀化芷江仓库,342.7
国网湖南物资公司衡阳周转库,怀化洪江市仓库,338.9
国网湖南物资公司衡阳周转库,怀化洪江区仓库,342.4
国网湖南物资公司衡阳周转库,邵阳洞口仓库,231.3
国网湖南物资公司衡阳周转库,怀化会同仓库,382.6
国网湖南物资公司衡阳周转库,怀化新晃仓库,398.4
国网湖南物资公司衡阳周转库,怀化靖州仓库,381.6
国网湖南物资公司衡阳周转库,邵阳武冈仓库,255.5
国网湖南物资公司衡阳周转库,邵阳绥宁仓库,320.2
国网湖南物资公司衡阳周转库,怀化通道仓库,382.2
国网湖南物资公司衡阳周转库,邵阳城步仓库,308.3
国网湖南物资公司衡阳周转库,国网湖南物资公司岳阳周转库,318.4
国网湖南物资公司衡阳周转库,岳阳云溪仓库,316.2
国网湖南物资公司衡阳周转库,岳阳君山仓库,345.3
国网湖南物资公司衡阳周转库,岳阳临湘仓库,339.1
国网湖南物资公司衡阳周转库,岳阳县仓库,292.1
国网湖南物资公司衡阳周转库,岳阳华容仓库,362.2
国网湖南物资公司衡阳周转库,岳阳汨罗仓库,255
国网湖南物资公司衡阳周转库,岳阳湘阴仓库,230.8
国网湖南物资公司衡阳周转库,岳阳平江仓库,291.3
株洲攸县仓库,衡阳衡东仓库,54.8
株洲攸县仓库,国网湖南物资公司怀化周转库,457.7
株洲攸县仓库,国网怀化中方芙蓉路仓库,461.8
株洲攸县仓库,怀化芷江仓库,458.8
株洲攸县仓库,怀化洪江市仓库,455
株洲攸县仓库,怀化洪江区仓库,458.5
株洲攸县仓库,邵阳洞口仓库,347.4
株洲攸县仓库,怀化会同仓库,498.8
株洲攸县仓库,怀化新晃仓库,514.5
株洲攸县仓库,怀化靖州仓库,497.8
株洲攸县仓库,邵阳武冈仓库,371.6
株洲攸县仓库,邵阳绥宁仓库,436.3
株洲攸县仓库,怀化通道仓库,498.4
株洲攸县仓库,邵阳城步仓库,424.4
株洲攸县仓库,国网湖南物资公司岳阳周转库,311.1
株洲攸县仓库,岳阳云溪仓库,309
株洲攸县仓库,岳阳君山仓库,338.1
株洲攸县仓库,岳阳临湘仓库,324.9
株洲攸县仓库,岳阳县仓库,289.3
株洲攸县仓库,岳阳华容仓库,392.5
株洲攸县仓库,岳阳汨罗仓库,258.9
株洲攸县仓库,岳阳湘阴仓库,239.3
株洲攸县仓库,岳阳平江仓库,218.7
衡阳衡东仓库,国网湖南物资公司怀化周转库,377.6
衡阳衡东仓库,国网怀化中方芙蓉路仓库,381.8
衡阳衡东仓库,怀化芷江仓库,378.8
衡阳衡东仓库,怀化洪江市仓库,375
衡阳衡东仓库,怀化洪江区仓库,378.5
衡阳衡东仓库,邵阳洞口仓库,267.4
衡阳衡东仓库,怀化会同仓库,418.7
衡阳衡东仓库,怀化新晃仓库,434.5
衡阳衡东仓库,怀化靖州仓库,417.8
衡阳衡东仓库,邵阳武冈仓库,291.6
衡阳衡东仓库,邵阳绥宁仓库,356.3
衡阳衡东仓库,怀化通道仓库,418.3
衡阳衡东仓库,邵阳城步仓库,344.4
衡阳衡东仓库,国网湖南物资公司岳阳周转库,287.9
衡阳衡东仓库,岳阳云溪仓库,285.8
衡阳衡东仓库,岳阳君山仓库,314.9
衡阳衡东仓库,岳阳临湘仓库,301.7
衡阳衡东仓库,岳阳县仓库,266.1
衡阳衡东仓库,岳阳华容仓库,350.9
衡阳衡东仓库,岳阳汨罗仓库,235.7
衡阳衡东仓库,岳阳湘阴仓库,219.5
衡阳衡东仓库,岳阳平江仓库,248.3
国网湖南物资公司怀化周转库,国网怀化中方芙蓉路仓库,4.5
国网湖南物资公司怀化周转库,怀化芷江仓库,40.5
国网湖南物资公司怀化周转库,怀化洪江市仓库,44.1
国网湖南物资公司怀化周转库,怀化洪江区仓库,47.5
国网湖南物资公司怀化周转库,邵阳洞口仓库,117
国网湖南物资公司怀化周转库,怀化会同仓库,88.3
国网湖南物资公司怀化周转库,怀化新晃仓库,104.3
国网湖南物资公司怀化周转库,怀化靖州仓库,127
国网湖南物资公司怀化周转库,邵阳武冈仓库,161.4
国网湖南物资公司怀化周转库,邵阳绥宁仓库,190.4
国网湖南物资公司怀化周转库,怀化通道仓库,192.1
国网湖南物资公司怀化周转库,邵阳城步仓库,214.2
国网湖南物资公司怀化周转库,国网湖南物资公司岳阳周转库,480.5
国网湖南物资公司怀化周转库,岳阳云溪仓库,478.4
国网湖南物资公司怀化周转库,岳阳君山仓库,458
国网湖南物资公司怀化周转库,岳阳临湘仓库,501.3
国网湖南物资公司怀化周转库,岳阳县仓库,454.2
国网湖南物资公司怀化周转库,岳阳华容仓库,403.1
国网湖南物资公司怀化周转库,岳阳汨罗仓库,417.3
国网湖南物资公司怀化周转库,岳阳湘阴仓库,394.2
国网湖南物资公司怀化周转库,岳阳平江仓库,466.6
国网怀化中方芙蓉路仓库,怀化芷江仓库,53.4
国网怀化中方芙蓉路仓库,怀化洪江市仓库,47.5
国网怀化中方芙蓉路仓库,怀化洪江区仓库,51
国网怀化中方芙蓉路仓库,邵阳洞口仓库,121.8
国网怀化中方芙蓉路仓库,怀化会同仓库,93.2
国网怀化中方芙蓉路仓库,怀化新晃仓库,108.3
国网怀化中方芙蓉路仓库,怀化靖州仓库,131.8
国网怀化中方芙蓉路仓库,邵阳武冈仓库,166.2
国网怀化中方芙蓉路仓库,邵阳绥宁仓库,195.3
国网怀化中方芙蓉路仓库,怀化通道仓库,196.9
国网怀化中方芙蓉路仓库,邵阳城步仓库,219
国网怀化中方芙蓉路仓库,国网湖南物资公司岳阳周转库,478.6
国网怀化中方芙蓉路仓库,岳阳云溪仓库,476.4
国网怀化中方芙蓉路仓库,岳阳君山仓库,456.1
国网怀化中方芙蓉路仓库,岳阳临湘仓库,499.3
国网怀化中方芙蓉路仓库,岳阳县仓库,452.3
国网怀化中方芙蓉路仓库,岳阳华容仓库,401.1
国网怀化中方芙蓉路仓库,岳阳汨罗仓库,415.3
国网怀化中方芙蓉路仓库,岳阳湘阴仓库,392.2
国网怀化中方芙蓉路仓库,岳阳平江仓库,464.6
怀化芷江仓库,怀化洪江市仓库,51
怀化芷江仓库,怀化洪江区仓库,54.5
怀化芷江仓库,邵阳洞口仓库,118
怀化芷江仓库,怀化会同仓库,89.4
怀化芷江仓库,怀化新晃仓库,61.7
怀化芷江仓库,怀化靖州仓库,128.1
怀化芷江仓库,邵阳武冈仓库,162.4
怀化芷江仓库,邵阳绥宁仓库,191.5
怀化芷江仓库,怀化通道仓库,193.2
怀化芷江仓库,邵阳城步仓库,215.2
怀化芷江仓库,国网湖南物资公司岳阳周转库,517.7
怀化芷江仓库,岳阳云溪仓库,515.6
怀化芷江仓库,岳阳君山仓库,495.2
怀化芷江仓库,岳阳临湘仓库,538.5
怀化芷江仓库,岳阳县仓库,491.4
怀化芷江仓库,岳阳华容仓库,440.3
怀化芷江仓库,岳阳汨罗仓库,454.5
怀化芷江仓库,岳阳湘阴仓库,431.4
怀化芷江仓库,岳阳平江仓库,503.8
怀化洪江市仓库,怀化洪江区仓库,4.9
怀化洪江市仓库,邵阳洞口仓库,114.1
怀化洪江市仓库,怀化会同仓库,54.6
怀化洪江市仓库,怀化新晃仓库,107.7
怀化洪江市仓库,怀化靖州仓库,93.2
怀化洪江市仓库,邵阳武冈仓库,158.5
怀化洪江市仓库,邵阳绥宁仓库,156.7
怀化洪江市仓库,怀化通道仓库,158.3
怀化洪江市仓库,邵阳城步仓库,187.2
怀化洪江市仓库,国网湖南物资公司岳阳周转库,528.4
怀化洪江市仓库,岳阳云溪仓库,526.3
怀化洪江市仓库,岳阳君山仓库,505.9
怀化洪江市仓库,岳阳临湘仓库,549.2
怀化洪江市仓库,岳阳县仓库,502.1
怀化洪江市仓库,岳阳华容仓库,451
怀化洪江市仓库,岳阳汨罗仓库,465.2
怀化洪江市仓库,岳阳湘阴仓库,442.1
怀化洪江市仓库,岳阳平江仓库,514.5
怀化洪江区仓库,邵阳洞口仓库,117.6
怀化洪江区仓库,怀化会同仓库,58.1
怀化洪江区仓库,怀化新晃仓库,111.2
怀化洪江区仓库,怀化靖州仓库,96.7
怀化洪江区仓库,邵阳武冈仓库,162
怀化洪江区仓库,邵阳绥宁仓库,160.2
怀化洪江区仓库,怀化通道仓库,161.8
怀化洪江区仓库,邵阳城步仓库,190.7
怀化洪江区仓库,国网湖南物资公司岳阳周转库,531.9
怀化洪江区仓库,岳阳云溪仓库,529.8
怀化洪江区仓库,岳阳君山仓库,509.4
怀化洪江区仓库,岳阳临湘仓库,552.7
怀化洪江区仓库,岳阳县仓库,505.6
怀化洪江区仓库,岳阳华容仓库,454.5
怀化洪江区仓库,岳阳汨罗仓库,468.7
怀化洪江区仓库,岳阳湘阴仓库,445.6
怀化洪江区仓库,岳阳平江仓库,517.9
邵阳洞口仓库,怀化会同仓库,157.1
邵阳洞口仓库,怀化新晃仓库,172.9
邵阳洞口仓库,怀化靖州仓库,177.2
邵阳洞口仓库,邵阳武冈仓库,45
邵阳洞口仓库,邵阳绥宁仓库,93.6
邵阳洞口仓库,怀化通道仓库,177.8
邵阳洞口仓库,邵阳城步仓库,103.8
邵阳洞口仓库,国网湖南物资公司岳阳周转库,438.5
邵阳洞口仓库,岳阳云溪仓库,436.4
邵阳洞口仓库,岳阳君山仓库,465.5
邵阳洞口仓库,岳阳临湘仓库,459.3
邵阳洞口仓库,岳阳县仓库,412.2
邵阳洞口仓库,岳阳华容仓库,434.5
邵阳洞口仓库,岳阳汨罗仓库,375.3
邵阳洞口仓库,岳阳湘阴仓库,352.2
邵阳洞口仓库,岳阳平江仓库,424.5
怀化会同仓库,怀化新晃仓库,145.5
怀化会同仓库,怀化靖州仓库,42.4
怀化会同仓库,邵阳武冈仓库,163.9
怀化会同仓库,邵阳绥宁仓库,105.9
怀化会同仓库,怀化通道仓库,107.5
怀化会同仓库,邵阳城步仓库,136.4
怀化会同仓库,国网湖南物资公司岳阳周转库,567.2
怀化会同仓库,岳阳云溪仓库,565
怀化会同仓库,岳阳君山仓库,544.7
怀化会同仓库,岳阳临湘仓库,587.9
怀化会同仓库,岳阳县仓库,540.9
怀化会同仓库,岳阳华容仓库,489.7
怀化会同仓库,岳阳汨罗仓库,503.9
怀化会同仓库,岳阳湘阴仓库,480.8
怀化会同仓库,岳阳平江仓库,553.2
怀化新晃仓库,怀化靖州仓库,183.2
怀化新晃仓库,邵阳武冈仓库,217.5
怀化新晃仓库,邵阳绥宁仓库,246.6
怀化新晃仓库,怀化通道仓库,248.3
怀化新晃仓库,邵阳城步仓库,270.3
怀化新晃仓库,国网湖南物资公司岳阳周转库,573
怀化新晃仓库,岳阳云溪仓库,570.9
怀化新晃仓库,岳阳君山仓库,550.5
怀化新晃仓库,岳阳临湘仓库,593.8
怀化新晃仓库,岳阳县仓库,546.7
怀化新晃仓库,岳阳华容仓库,495.5
怀化新晃仓库,岳阳汨罗仓库,509.8
怀化新晃仓库,岳阳湘阴仓库,486.7
怀化新晃仓库,岳阳平江仓库,559
怀化靖州仓库,邵阳武冈仓库,135.1
怀化靖州仓库,邵阳绥宁仓库,77.1
怀化靖州仓库,怀化通道仓库,78.8
怀化靖州仓库,邵阳城步仓库,107.6
怀化靖州仓库,国网湖南物资公司岳阳周转库,588.5
怀化靖州仓库,岳阳云溪仓库,586.4
怀化靖州仓库,岳阳君山仓库,583.8
怀化靖州仓库,岳阳临湘仓库,609.3
怀化靖州仓库,岳阳县仓库,562.2
怀化靖州仓库,岳阳华容仓库,528.8
怀化靖州仓库,岳阳汨罗仓库,525.3
怀化靖州仓库,岳阳湘阴仓库,502.2
怀化靖州仓库,岳阳平江仓库,574.4
邵阳武冈仓库,邵阳绥宁仓库,74.8
邵阳武冈仓库,怀化通道仓库,136.8
邵阳武冈仓库,邵阳城步仓库,55.6
邵阳武冈仓库,国网湖南物资公司岳阳周转库,462.9
邵阳武冈仓库,岳阳云溪仓库,460.8
邵阳武冈仓库,岳阳君山仓库,489.9
邵阳武冈仓库,岳阳临湘仓库,483.7
邵阳武冈仓库,岳阳县仓库,436.6
邵阳武冈仓库,岳阳华容仓库,458.9
邵阳武冈仓库,岳阳汨罗仓库,399.7
邵阳武冈仓库,岳阳湘阴仓库,376.6
邵阳武冈仓库,岳阳平江仓库,448.9
邵阳绥宁仓库,怀化通道仓库,77.2
邵阳绥宁仓库,邵阳城步仓库,46.6
邵阳绥宁仓库,国网湖南物资公司岳阳周转库,527.4
邵阳绥宁仓库,岳阳云溪仓库,525.3
邵阳绥宁仓库,岳阳君山仓库,554.4
邵阳绥宁仓库,岳阳临湘仓库,548.2
邵阳绥宁仓库,岳阳县仓库,501.1
邵阳绥宁仓库,岳阳华容仓库,523.4
邵阳绥宁仓库,岳阳汨罗仓库,464.2
邵阳绥宁仓库,岳阳湘阴仓库,441.1
邵阳绥宁仓库,岳阳平江仓库,513.4
怀化通道仓库,邵阳城步仓库,107.6
怀化通道仓库,国网湖南物资公司岳阳周转库,588.5
怀化通道仓库,岳阳云溪仓库,586.4
怀化通道仓库,岳阳君山仓库,615.5
怀化通道仓库,岳阳临湘仓库,609.3
怀化通道仓库,岳阳县仓库,562.2
怀化通道仓库,岳阳华容仓库,584.5
怀化通道仓库,岳阳汨罗仓库,525.3
怀化通道仓库,岳阳湘阴仓库,502.2
怀化通道仓库,岳阳平江仓库,574.4
邵阳城步仓库,国网湖南物资公司岳阳周转库,513.8
邵阳城步仓库,岳阳云溪仓库,511.7
邵阳城步仓库,岳阳君山仓库,540.8
邵阳城步仓库,岳阳临湘仓库,534.6
邵阳城步仓库,岳阳县仓库,487.5
邵阳城步仓库,岳阳华容仓库,509.8
邵阳城步仓库,岳阳汨罗仓库,450.6
邵阳城步仓库,岳阳湘阴仓库,427.5
邵阳城步仓库,岳阳平江仓库,499.8
国网湖南物资公司岳阳周转库,岳阳云溪仓库,5.4
国网湖南物资公司岳阳周转库,岳阳君山仓库,23.4
国网湖南物资公司岳阳周转库,岳阳临湘仓库,42.6
国网湖南物资公司岳阳周转库,岳阳县仓库,39.7
国网湖南物资公司岳阳周转库,岳阳华容仓库,89.7
国网湖南物资公司岳阳周转库,岳阳汨罗仓库,75.5
国网湖南物资公司岳阳周转库,岳阳湘阴仓库,91.6
国网湖南物资公司岳阳周转库,岳阳平江仓库,118
岳阳云溪仓库,岳阳君山仓库,20.8
岳阳云溪仓库,岳阳临湘仓库,45.7
岳阳云溪仓库,岳阳县仓库,31.5
岳阳云溪仓库,岳阳华容仓库,77.6
岳阳云溪仓库,岳阳汨罗仓库,74.8
岳阳云溪仓库,岳阳湘阴仓库,90.9
岳阳云溪仓库,岳阳平江仓库,117.3
岳阳君山仓库,岳阳临湘仓库,63.5
岳阳君山仓库,岳阳县仓库,67.7
岳阳君山仓库,岳阳华容仓库,64.3
岳阳君山仓库,岳阳汨罗仓库,103.5
岳阳君山仓库,岳阳湘阴仓库,119.6
岳阳君山仓库,岳阳平江仓库,146
岳阳临湘仓库,岳阳县仓库,61.6
岳阳临湘仓库,岳阳华容仓库,117.6
岳阳临湘仓库,岳阳汨罗仓库,97.4
岳阳临湘仓库,岳阳湘阴仓库,113.5
岳阳临湘仓库,岳阳平江仓库,132.7
岳阳县仓库,岳阳华容仓库,122.8
岳阳县仓库,岳阳汨罗仓库,42.9
岳阳县仓库,岳阳湘阴仓库,66.2
岳阳县仓库,岳阳平江仓库,97.1
岳阳华容仓库,岳阳汨罗仓库,157.6
岳阳华容仓库,岳阳湘阴仓库,173.7
岳阳华容仓库,岳阳平江仓库,200.1
岳阳汨罗仓库,岳阳湘阴仓库,23.5
岳阳汨罗仓库,岳阳平江仓库,65.4
岳阳湘阴仓库,岳阳平江仓库,80.1
